id|effective|name|location|employees
0a8d6dca-9dd5-4044-ae91-06e63ee8646e|2/8/13|(MARFRED) AMCOR PACKAGING DISTRIBUTION|LAKEVIEW TERRACE|45
83f656eb-000b-4a06-ae8c-2cd3dde9c28f|12/16/13|2K GAMES, INC|NORTHRIDGE|48
a0feb5fb-ea83-4b4d-825e-1465a1968fed|10/22/13|99CENT ONLY STORES|COMMERCE|5
54c8cfc6-8ed3-4283-8d81-2cb0880b90f8|10/22/13|99CENT ONLY STORES|COMMERCE|109
5cbffb72-edaa-43a2-8066-e8e3eadfa39e|3/7/13|ABBOTT HERMATOLOGY, DIAGNOSTICS DIVISION|SANTA CLARA|76
ad3dd74f-9cd2-4543-a95c-1ee03d818ab7|2/21/13|ABBOTT VASCULAR|MURRIETA|30
d3f60a37-88c8-4c00-8624-62c05b2fca68|2/21/13|ABBOTT VASCULAR|TEMECULA|395
971ff4af-a8e5-4235-87de-9e6fd3b421b0|2/21/13|ABBOTT VASCULAR|TEMECULA|10
89f58f40-ec13-488c-8784-bd47f8dcd233|2/21/13|ABBOTT VASCULAR|TEMECULA|15
6bf44395-a5c1-40b3-bc68-f6b6579bcf61|8/28/13|ABBVIE BIOTHERAPEUTICS,INC.|REDWOOD CITY|63
48413466-c35e-403b-b465-573971221e9d|3/26/13|ABERCROMBIE & FITCH|EMERYVILLE|82
c2fad727-59dc-4fb8-a015-36a1cae2a347|1/26/13|ABERCROMBIE & FITCH|SAN DIEGO|62
9f6ec797-9b33-4b9e-a270-c39b5157bc57|11/18/13|ACCURATE METAL SOLUTIONS|ANAHEIM|326
a3c509da-80b4-416c-b3e7-e98f795414f1|11/16/13|ACCURATE METAL SOLUTIONS|OXNARD|22
77a9aed0-2a64-48c7-a14f-cd644f9ac734|11/16/13|ACCURATE METAL SOLUTIONS|OXNARD|78
57c9d208-e0f9-4320-af18-d0f6a169fd28|10/1/13|ACTAVIS|CORONA|19
7cf25e19-88f1-4395-b1a5-699edab36f41|6/3/13|ACTAVIS, INC (FOREMERLY WATSON PHARMACEUTICALS)|CORONA|17
832f537a-14ce-4242-9ba0-9a58e18ef280|8/1/13|ACTAVIS, INC.|CORONA|14
e733fbef-8b5b-4320-a058-1ab67d9cb83c|7/1/13|ACTAVIS, INC. (FORMERLY WATSON PHARMACEUTICALS)|CORONA|15
f0f1e48d-40ef-45b9-838a-235d8af2368d|5/9/13|AERO-ELECTRIC, INC (CONESYS)|TORRANCE|142
62080a41-4f70-4e7a-95d7-a151cd9d70e0|8/17/13|AEROTEK, INC.|OXNARD|164
06a5a62b-fb55-47d7-b7c1-5d111eb66523|5/18/13|AFFYMAX, INC|PALO ALTO|227
67f35121-cc29-4c68-8804-42d0de02a2b6|2/10/13|ALBERTSONS|LONG BEACH|62
b85696c6-ccbd-4e6e-b1d2-761d9d7fae1d|2/6/13|ALBERTSONS|SANTA MONICA|56
b8e8b18a-549f-4f30-be7f-8495502dab7a|2/6/13|ALBERTSONS|SANTA MONICA|56
a5cdfdb3-0a57-46b0-8630-ccf8a2a85663|9/25/13|ALERE|SAN DIEGO|97
dd0af94f-3afd-46f7-ae18-8fcd422efd28|1/31/13|ALL STATE PROMOTIONS, INC|CONCORD|104
aef5753b-aca8-4a83-bd6b-ff8495637f2e|1/31/13|ALL STATE PROMOTIONS, INC|LONG BEACH|85
5d9366a0-091e-4b57-8c8e-2ef9a58cdaad|1/31/13|ALL STATE PROMOTIONS, INC|SAN DIEGO|33
e6ba841e-677b-487f-ad94-fd8c9b6266e0|4/28/13|ALTA RESOURCES|BREA|113
462fa0e3-f93e-4e9d-a9d7-3b508778f64b|3/11/13|AMERICAN AUTOMOBILE ASSOCIATION (AAA)|EL CERRITO|7
f701fbe7-2fb1-4a48-9e8b-89f294acb16b|3/11/13|AMERICAN AUTOMOBILE ASSOCIATION (AAA)|SAN BRUNO|6
e5e11943-a1e5-470f-a166-ed0e3e87e792|3/11/13|AMERICAN AUTOMOBILE ASSOCIATION (AAA)|SAN JOSE|6
356e53fa-22f2-4e8d-863a-410e532182d3|3/11/13|AMERICAN AUTOMOBILE ASSOCIATION (AAA)|SAN JOSE|7
3846994f-a020-4eda-9d38-d6858de84572|3/11/13|AMERICAN AUTOMOBILE ASSOCIATION (AAA)|SAN LEANDRO|8
76e6d908-f6cb-45a7-b865-b411fc991066|3/11/13|AMERICAN AUTOMOTIVE ASSOCIATION (AAA)|UNION CITY|7
a329ef47-76e6-4a85-a1ef-159c87fb3f30|12/13/13|AMERICAN MEDICAL RESPONSE WEST-NON-EMERGENCY IFT|BURLINGAME|43
0fdf77f5-6533-4d3d-9f11-485553fe9895|12/13/13|AMERICAN MEDICAL RESPONSE WEST-NON-EMERGENCY IFT|CONCORD|30
c8d8b369-755e-46ba-8b7c-1fda2c7b7c30|12/13/13|AMERICAN MEDICAL RESPONSE WEST-NON-EMERGENCY IFT|SAN RAFAEL|34
ece4e040-5f06-4e0a-9e97-beca5b66720e|3/14/13|AMERICAN SUZUKI MOTOR CORPORATION|BREA|187
ab5e92e1-a762-49bd-bc7e-1e264af84545|12/31/13|AMGEN INC|THOUSAND OAKS|68
78cd3542-daf9-4431-9826-c1946a41f110|4/30/13|AMGEN(THOUSAND OAKS)|THOUSAND OAKS|157
9468b021-4432-431d-a4c6-590fb98b45df|6/14/13|AMS FULFILLMENT|VALENCIA|200
d97be450-d681-4a05-8a4e-4be59ade1446|4/17/13|ANATOMIC HOLDINGS AND ANATOMIC OPERATIONS, INC|CORONA|41
4cec414e-4ae0-485e-afbd-dcea6cc55526|11/2/13|ANDREWS INTERNATIONAL LLC|CUPERTINO|66
c1a40189-f08a-474c-88e7-ec2729ae656c|2/13/13|APPLIED MATERIALS|SANTA CLARA|1
1e442aff-c6b1-48c6-bc42-cdaf94772732|2/13/13|APPLIED MATERIALS|SANTA CLARA|21
0f0e0ed9-6984-487a-af25-d6c6ddd15a1f|2/13/13|APPLIED MATERIALS|SANTA CLARA|21
0076a8c7-4ea2-4aa2-bd95-9f2b7fd01881|2/13/13|APPLIED MATERIALS|SANTA CLARA|3
f958beab-ede7-4152-998a-e60e90325bef|2/13/13|APPLIED MATERIALS|SANTA CLARA|9
913b046e-9731-462b-8a24-2249a95f098f|2/13/13|APPLIED MATERIALS|SANTA CLARA|11
ac86917f-2e2c-4e3b-ba45-4c137229aad6|2/13/13|APPLIED MATERIALS|SUNNYVALE|34
1edc3c6c-1151-4f3e-bb44-f0c8fcd6cb4a|5/12/13|APPLIED MATERIALS INC|SANTA CLARA|3
d3224e0f-d31d-4cea-8c6e-1c3aef3cfd05|5/12/13|APPLIED MATERIALS INC|SANTA CLARA|4
3696e046-dbab-401f-ab8c-0365e24e5276|5/12/13|APPLIED MATERIALS INC|SANTA CLARA|1
32b1d6af-8a37-4b90-a5d6-ff66a290342e|5/12/13|APPLIED MATERIALS INC|SUNNYVALE|1
09ac6442-dc88-4292-8606-fee695c9f4c9|11/17/13|APPLIED MATERIALS, INC|SANTA CLARA|3
dc74807a-77a3-42d0-ba76-1337442309e7|11/17/13|APPLIED MATERIALS, INC|SANTA CLARA|6
5f45388a-5e95-495c-a5f4-89844f9a0f68|11/17/13|APPLIED MATERIALS, INC|SANTA CLARA|4
08081a1d-83bc-424c-87bf-0723e13fcee7|11/17/13|APPLIED MATERIALS, INC|SANTA CLARA|11
1460c4f2-cb92-4952-bf82-ba0149a9126b|11/17/13|APPLIED MATERIALS, INC|SANTA CLARA|4
c587ea30-f80c-449c-be69-4dcefdeab57a|11/17/13|APPLIED MATERIALS, INC|SANTA CLARA|8
68bce658-b3f2-4fa4-9576-bb82bd22ebe3|11/17/13|APPLIED MATERIALS, INC|SUNNYVALE|5
09c83c0f-87c4-411f-b392-87ad5f7382df|8/30/13|APPLIED MATERIALS, INC.|SANTA CLARA|1
110f7549-43cb-4054-86cc-14303640430b|8/30/13|APPLIED MATERIALS, INC.|SANTA CLARA|2
f4e6515a-a973-45ec-9ebe-49f1155dd9ab|8/30/13|APPLIED MATERIALS, INC.|SANTA CLARA|2
d42b2631-1508-4fdd-a1e6-b1d76c086108|10/9/13|ARAMARK HEALTHCARE TECHNOLOGIES - PACIFIC HOSP|LONG BEACH|2
6422c2a5-d3ab-43e3-bba1-f920a6688816|10/10/13|ARAMARK HEALTHCARE-PACIFIC HOSP OF LONG BEACH|LONG BEACH|88
0c5da8c2-cd58-48bd-b0d7-52dad73c66ba|6/30/13|ARAMARK SPORTS & ENTERTAINMENT LLC-HONDA CENTER|ANAHEIM|568
d5248a4b-858e-460d-a3b3-3183f5bd4ee6|10/2/13|ARAMARK SPORTS & ENTERTAINMENT-ANGEL STADIUM|ANAHEIM|1088
fa70494b-38e0-4a7c-befe-6dd79add4af9|12/31/13|ARAMARK SPORTS & ENTERTAINMENT-LA CONVENTION CTR.|LOS ANGELES|621
01eebb4f-6069-4144-8b55-1261d788c72b|2/25/13|ARCHSTONE|SANTA ANA|56
8cb9da2a-5c00-44fb-9b71-e44428374620|10/22/13|AREVA NP INC|MOUNTAIN VIEW|2
6074bff9-d336-4347-8c6f-1e2a19fde499|7/16/13|AREVA SOLAR INC|MOUNTAIN VIEW|5
8b7f97e9-c8fd-428e-81f3-fbdc743bbb64|8/27/13|AREVA SOLAR, INC.|MOUNTAIN VIEW|1
cebf7875-5663-4e06-9713-725cd9dc95fb|2/7/13|ARVATO DIGITAL SERVICES|VALENCIA|41
8d8e4238-de09-4d53-a6e5-8dcdedcf62b1|11/30/13|ASIG (AIRCRAFT SERVICE INTERNATIONAL GROUP)|LOS ANGELES|90
a5a3cd01-8233-497b-975f-cdc333197245|4/15/13|AT&T'S GLOBAL BUSINESS SOLUTIONS|ANAHEIM|115
7c150319-c15c-463a-ab73-f237e9732ab4|4/6/13|AT&T'S GLOBAL BUSINESS SOLUTIONS|TUSTIN|66
8da19fa4-f026-4fba-abd5-c6b9c5f2f547|12/31/13|ATLANTIC EXPRESS OF CALIFORNIA|LONG BEACH|160
d2ecc02b-177b-4fab-9cd6-1a2be0e72d5b|12/31/13|ATLANTIC EXPRESS OF L.A., INC|LOS ANGELES|307
447d2fdd-be09-4d50-8f21-d3427336c2ef|7/8/13|AVERY PRODUCTS CORPORATION|BREA|75
ad7a08a4-49db-4755-adce-7a0752000f9f|12/27/13|AVNET INTEGRATED|SIMI VALLEY|68
d9d40afb-9843-4bf2-becb-cf9944d71366|7/6/13|AVNET INTEGRATED COMPANY (NEXICORE SERVICES)|SIMI VALLEY|108
cdbc82aa-a88c-4b5d-ba0c-cce1233fa324|7/6/13|BAE SYSTEMS|SAN DIEGO|81
8ead70b1-58f7-4f82-8887-512ff15fe054|2/8/13|BAE SYSTEMS|SAN FRANCISCO|169
2fa77ae9-1ea7-4f9b-94ca-30afb26917b7|4/9/13|BAE SYSTEMS|SAN FRANCISCO|120
79cc9e73-70e4-4e63-91b6-49abc40a70bb|6/3/13|BAE SYSTEMS|SAN FRANCISCO|137
a98b46bc-0333-4c3f-a9bc-e02cf46591a0|7/31/13|BAE SYSTEMS|SAN FRANCISCO|109
2f0eb488-84bc-4069-90d4-147ca02f613c|9/23/13|BAE SYSTEMS|SAN FRANCISCO|165
1b2d5d54-b20f-4541-a997-42df829bbefa|11/19/13|BAE SYSTEMS|SAN FRANCISCO|155
d1d64034-1cbe-4b31-8737-8d2346fe8d97|6/6/13|BAE SYSTEMS-SAN DIEGO|SAN DIEGO|99
db4495fc-b67d-4824-a634-b095cc1f2327|4/7/13|BAE SYSTEMS-SAN DIEGO SHIP REPAIR|SAN DIEGO|302
622f1246-33c5-4e22-aec3-cd941d3ace1a|1/29/13|BANK OF AMERICA|BREA|51
5b1821a1-729a-475c-a57c-93ca5ded01b5|12/22/13|BANK OF AMERICA|CONCORD|37
f6c90a90-73ae-498d-a32f-9510a7ea465e|8/31/13|BANK OF AMERICA|FRESNO|543
bcb53a6f-e2f2-437c-8130-3c8aafc30218|1/29/13|BANK OF AMERICA|LANCASTER|61
d29facbe-475f-4645-9701-abab539460a3|4/2/13|BANK OF AMERICA|RANCHO CORDOVA|57
879665ab-eec7-4a3e-aca1-249146e048e4|12/22/13|BANK OF AMERICA|RANCHO CORDOVA|110
90a37779-8b24-4291-bf3d-a032af81156e|12/22/13|BANK OF AMERICA|SAN JOSE|108
7b8057a8-9887-40f7-9a73-829096173f26|1/29/13|BANK OF AMERICA|SIMI VALLEY|51
43a216a8-d7bb-4c01-80ee-825638d91862|5/1/13|BANK OF AMERICA-LA CHECK AND PROOF OPERATIONS|LOS ANGELES|150
3d9e8ddb-63e9-4ed0-826c-d79907ddb903|12/22/13|BANK OF AMERICAN|CONCORD|52
e5d4c0a9-9433-4b68-87be-7812ba81cdfd|11/19/13|BAYER HEALTH CARE|SUNNYVALE|6
7abb4e97-d01e-44cd-8435-3fcb153b237f|8/31/13|BAYER HEALTHCARE|MOUNTAIN VIEW|63
51014c8a-3c29-46bb-94fc-e13ffefadce4|6/30/13|BAYER HEALTHCARE LLC|EMERYVILLE|153
a11fb1df-c978-4ef8-88f5-c387d6d036ab|9/1/13|BAYER HEALTHCARE LLC|EMERYVILLE|187
2eec4837-125a-4269-ae6b-fc45b467bc07|5/24/13|BAYVIEW BERRY FARMS, LLC|OXNARD|89
9d66c1dd-eda4-4c37-8aa7-11f54149092e|11/8/13|BCI COCA-COLA BOTTLING COMPANY OF LOS ANGELES|SAN DIEGO|92
6f33b913-9e6f-4c2a-867e-b0ab46582975|3/29/13|BECHTEL POWER CORPORATION|SANTA MARGARITA|40
a61aef99-8bca-4145-93cc-44c35a18dd8d|3/3/13|BECHTEL POWER CORPORATION (CATALINA SOLAR PRJT)|MOJAVE|32
48b42512-7422-4c72-9333-97365f138560|3/15/13|BECHTEL POWER CORPORATION (RUSSEL CTY ENERGY CTR)|HAYWARD|72
9130b044-ac2c-45c5-81b3-899293d2cf41|6/8/13|BELL-CARTER OLIVE COMPANY|CORNING|150
2553e1f9-011a-4862-b6aa-a36867394e2d|6/30/13|BERKELEY HEARTLAB|ALAMEDA|19
bd90bda6-b41a-4dd4-8e3e-c9d1e1f04e37|7/31/13|BERKELEY HEARTLAB|ALAMEDA|32
6015edda-217b-435c-90b3-9cdf6646e54a|8/31/13|BERKELEY HEARTLAB|ALAMEDA|28
93b12e3c-899d-4c59-b643-b4002838d257|9/30/13|BERKELEY HEARTLAB|ALAMEDA|1
09ec1900-ae8d-49e5-aa36-b9d3694ee89a|10/31/13|BERKELEY HEARTLAB|ALAMEDA|3
855314cf-fcfe-41c7-8c3a-9871885dee40|12/31/13|BERKELEY HEARTLAB|ALAMEDA|1
f4a0572f-c68f-4e9e-aefd-a0483b9b42f0|6/30/13|BERKELEY HEARTLAB|SOUTH SAN FRANCISCO|29
54d379ee-20ff-475b-bac6-3bc6405460d8|7/31/13|BERKELEY HEARTLAB|SOUTH SAN FRANCISCO|2
a78f44b1-d8e1-4268-918b-48944be4aa7a|8/31/13|BERKELEY HEARTLAB|SOUTH SAN FRANCISCO|2
3d4530ad-0508-4d6a-965e-9e2f81672d45|9/30/13|BERKELEY HEARTLAB|SOUTH SAN FRANCISCO|6
376e1425-81ac-419f-836d-5a9ebf457393|10/31/13|BERKELEY HEARTLAB|SOUTH SAN FRANCISCO|1
7300b4a6-b0fe-4531-b349-7f8e3190b9b0|12/31/13|BERKELEY HEARTLAB|SOUTH SAN FRANCISCO|8
5a2be3bf-d89a-42f4-ac6d-9e2154b12bc4|1/1/13|BIMBO BAKERIES (SUN VALLEY)|SUN VALLEY|30
b2d14555-cdac-46bb-aa46-193583cd079c|11/8/13|BIMBO BAKERIES USA, INC|ELK GROVE|112
8d9b8c96-d0a8-406a-8c51-0b84359dcf30|1/1/13|BIMBO BAKERIES USA, INC (ANAHEIM)|ANAHEIM|34
6b501632-3795-4baf-a2c6-80527c12cff0|1/1/13|BIMBO BAKERIES USA, INC (EL SEGUNDO)|EL SEGUNDO|31
d2041d5d-9bce-4dc6-ad9c-523333b6aa01|6/30/13|BLACKBAUD, INC|SAN DIEGO|101
ec3947de-ddd8-43a4-a202-564da28c16a1|1/16/13|BLUE SHIELD OF CALIFORNIA|EL DORADO HILLS|7
46279485-c658-453c-8564-7aec7fbb7897|1/16/13|BLUE SHIELD OF CALIFORNIA|EL SEGUNDO|5
41c3b63d-a9c2-49cb-ad0e-9a7c5de90ecd|1/16/13|BLUE SHIELD OF CALIFORNIA|SAN DIEGO|3
7df7611d-474d-4211-86b7-359b7261fda6|1/16/13|BLUE SHIELD OF CALIFORNIA|SAN FRANCISCO|46
1465a92c-43fc-43b2-b093-5eca49dd6ff1|1/16/13|BLUE SHIELD OF CALIFORNIA|SAN JOSE|1
21c89ed2-fe6d-4c8c-b533-61ea2efd91aa|1/16/13|BLUE SHIELD OF CALIFORNIA|WOODLAND HILLS|6
6bc05c89-0000-4a6b-979f-f2d2862a3dd2|9/27/13|BOEING COMPANY|ANAHEIM|3
418520b3-9a4d-42f4-9347-7549dc38981b|11/22/13|BOEING COMPANY|ANAHEIM|1
fc11aa02-0076-4236-b8f9-655c8cf8cdf4|10/25/13|BOEING COMPANY|EL SEGUNDO|19
ae7aed1f-b2ac-4598-81cb-ace79ad18a73|11/22/13|BOEING COMPANY|EL SEGUNDO|5
df17ca00-1782-4460-b488-d001ac456694|12/13/13|BOEING COMPANY|EL SEGUNDO|1
d7981c05-5742-457d-9828-66a4117afe66|4/19/13|BOEING COMPANY|HUNTINGTON BEACH|35
4d40fec5-d907-4829-860b-6112f4dd9496|9/27/13|BOEING COMPANY|HUNTINGTON BEACH|1
14a261d1-60c4-40ff-9d5d-e410cdee0f40|10/25/13|BOEING COMPANY|HUNTINGTON BEACH|31
74bfdd83-5da6-4b33-80e2-a0815e29548b|11/22/13|BOEING COMPANY|HUNTINGTON BEACH|14
6e5ab789-3a8c-4988-bed7-490a11845dd4|12/13/13|BOEING COMPANY|HUNTINGTON BEACH|19
b669da57-1569-4efe-98da-4609aa303c8f|10/25/13|BOEING COMPANY|LONG BEACH|30
ca832131-4830-4efd-ab57-5b6eac7afb4e|11/22/13|BOEING COMPANY|LONG BEACH|2
44e54eff-e91f-4f16-b29d-8e0369f947e2|12/13/13|BOEING COMPANY|LONG BEACH|11
37902b2d-d81a-4778-8f77-42803977c458|9/20/13|BOEING COMPANY-EL SEGUNDO|EL SEGUNDO|7
10db1621-615a-4716-aa2b-733769353a05|9/20/13|BOEING COMPANY-HUNTINGTON BCH|HUNTINGTON BEACH|34
53ace94f-eeee-4349-a2b8-99f46f7dfe4c|9/20/13|BOEING COMPANY-LONG BEACH|LONG BEACH|10
d25781f6-be27-4115-b45c-3191bd0c7bd8|3/8/13|BON APPETIT MANAGEMENT COMPANY AT CISCO|SAN JOSE|188
ef0018ad-95b6-4dd1-862d-db4663360bf3|6/15/13|BOSKOVICH FARMS, INC (ADOHR RANCH)|CAMARILLO|6
0aea59fc-f8da-442a-b3d9-bcf6f02356fe|8/19/13|BRIDGEPOINT EDUCATION, INC.|SAN DIEGO|47
8be526b9-4e4f-4fcd-ab30-b58ee0320955|12/20/13|BROADCOM CORPORATION|IRVINE|84
5c552d08-d1a5-42d0-960c-634a6d4d442c|12/20/13|BROADCOM CORPORATION|SAN DIEGO|68
42d38944-a30f-44f1-a747-483f5ba58a13|12/20/13|BROADCOM CORPORATION|SAN JOSE|17
eead3c15-1b5d-4eb3-9ed9-1afa23830d6c|12/20/13|BROADCOM CORPORATION|SANTA CLARA|16
7145eae9-fced-4f64-b7ad-97a1a6ad07e8|12/20/13|BROADCOME CORPORATION|SANTA CLARA|11
5f04f5e3-9710-454f-aae3-23380ff7e960|12/20/13|BROADCOME CORPORATION|SUNNYVALE|64
9548087e-b5f9-4f7d-bf23-c0bcbcf2fe8d|11/4/13|BROCADE COMMUNICATIONS SYSTEMS, INC|SAN JOSE|130
dd0e93b0-54f3-4ac9-bc6d-dd0270de49bf|11/8/13|BROOKSHIRE TOOL & MFG. COMPANY INC|SOUTH GATE|20
0f5c9eda-cbe6-43ac-99e6-51defa9ec81d|6/30/13|BURRTEC WASTE INDUSTRIES|BARSTOW|10
0ceb1eeb-fe5a-4bb0-b77a-8bd44fe2613d|6/30/13|BURRTEC WASTE INDUSTRIES|BIG BEAR CITY|8
7232c220-85f7-45e5-9494-07e833b82fba|6/30/13|BURRTEC WASTE INDUSTRIES|COLTON|3
9c60d7d2-23de-4de8-af5d-b3c3abdce061|6/30/13|BURRTEC WASTE INDUSTRIES|LANDERS|8
eac0d3eb-7fa6-42d5-8e94-22cdce651624|6/30/13|BURRTEC WASTE INDUSTRIES|LUCERNE VALLEY|2
1b2fddff-2928-47ba-a9a9-32107b6778cb|6/30/13|BURRTEC WASTE INDUSTRIES|MORONGO VALLEY|1
c8886d66-251e-4207-a672-a98754edac4d|6/30/13|BURRTEC WASTE INDUSTRIES|NEWBERRY SPRINGS|1
cc2a45cc-6057-4661-9208-c3254820e23d|6/30/13|BURRTEC WASTE INDUSTRIES|PHELAN|7
ec55f6f9-bbae-4073-86c4-f5f2e7cef6b4|6/30/13|BURRTEC WASTE INDUSTRIES|REDLANDS|11
6d732d34-3285-4f69-b92f-a6588c306465|6/30/13|BURRTEC WASTE INDUSTRIES|RIALTO|30
66f441e1-0197-442c-99b8-897ab77d0a0f|6/30/13|BURRTEC WASTE INDUSTRIES|RUNNING SPRINGS|12
92b60b2a-222f-424d-94f0-d6ac6ecdfdcb|6/30/13|BURRTEC WASTE INDUSTRIES|SAN BERNARDINO|10
f248baf8-e164-4ced-bcf2-d0b61a969858|6/30/13|BURRTEC WASTE INDUSTRIES|TWENTY-NINE PALMS|5
49ee48b1-b079-4a9d-ac02-c5b20a155069|6/30/13|BURRTEC WASTE INDUSTRIES|VICTORVILLE|22
10d698cf-753a-487a-8554-c47d53c6d140|9/27/13|CABLOFIL, INC.|PICO RIVERA|27
bf43caf2-d32f-41be-8bc7-cf4e4d1aa241|11/23/13|CALIFORNIA CITY CORRECTIONAL CENTER|CALIFORNIA CITY|296
9f17fc0a-0690-4e9d-992f-dd2c2c671932|9/10/13|CALIFORNIA MUSHROOM FARM, INC|VENTURA|415
d14f24df-1647-4977-a6b3-f0ac3d9bb463|3/25/13|CALIFORNIA REDWOOD COMPANY- KORBEL MFG FACILITY|KORBEL|155
66a8995c-a66c-4c37-b093-b8e6d8344418|8/27/13|CALIPER LIFE SCIENCES, INC.|ALAMEDA|60
50275ba5-1fc2-41b8-bbdc-d7533b60834e|6/5/13|CALIPER LIFE SCIENCES/PERKINELMER HEALTH SCIENCES|MOUNTAIN VIEW|47
dbf86d47-913d-4b24-97d2-becd1db2a8fb|2/1/13|CAMPBELL SOUP SUPPLY COMPANY, LLC|SACRAMENTO|290
4dfe477a-a35f-4c71-9f47-aeaf02814457|5/1/13|CAMPBELLS SOUP SUPPLY COMPANY, LLC|SACRAMENTO|320
f6d41176-8389-4738-9fc3-a4f14ba0d8a5|7/1/13|CAMPBELLS SOUP SUPPLY COMPANY, LLC|SACRAMENTO|150
803bdada-f56f-4fbb-b860-bc4dbee21b18|5/15/13|CASCADE LOGISTICS LLC|TRACY|36
e7697480-dbf1-443f-aafe-8e4061fe7eb7|12/1/13|CASHCALL INC|ANAHEIM|486
a6df81a9-3379-4ada-b129-065b2da1391c|12/1/13|CASHCALL INC|ORANGE|283
65cb1359-1b17-4414-951e-050d1eaeb209|1/1/13|CBNB/MAGELLAN, LLC|CARPINTERIA|24
4eb1de2e-b23d-411a-9ceb-4726e2b06f13|8/3/13|CEDARS-SINAI MEDICAL CENTER|LOS ANGELES|113
c451ad10-b86e-40ca-9449-4ffe553fb84d|3/4/13|CENTURY GAMING MNGMNT D/B/A/ HOLLYWOOD PARK CASINO|INGLEWOOD|600
b3166389-b07c-4942-a5ca-7df010bd7871|7/31/13|CERADYNE, INC|COSTA MESA|90
a4cd4dda-e4dd-48dc-b40f-61e71a19f405|1/1/13|CHAMINADE RESORT & SPA|SANTA CRUZ|180
7ce8abae-11c8-4025-9710-0d0cb1bcbcf7|6/1/13|CHEVRON|SAN RAMON|6
0800e5dd-9502-4652-80eb-edff132c587b|8/1/13|CHEVRON|SAN RAMON|394
64b0f8f8-3d11-4c4d-a69c-c6ed98a2c789|12/31/13|CHROMALLOY|GARDENA|108
17c79895-7687-4e0e-aa61-de08d74044f0|4/15/13|CIRCOR AEROSPACE|SYLMAR|51
5380e175-cd1b-498b-9c75-085edfa2c6f0|1/29/13|CIRQUE DU SOLEIL (IRIS)|HOLLYWOOD|105
18bf24c1-ad12-4601-abe9-478bf57959e6|10/18/13|CISCO SYSTEMS INC|SAN JOSE|899
7abf9752-0376-4edd-b10f-69de9e69ffab|4/22/13|CISCO SYSTEMS, INC|SAN JOSE|11
1245e410-5431-48ad-a3e5-d9daff822520|5/28/13|CISCO SYSTEMS, INC|SAN JOSE|182
85b550aa-abca-4747-a140-bcc9ac0946ac|6/3/13|CITIBANK, N.A.|WEST SACRAMENTO|153
6462f5f7-7636-49d9-9f22-c733afddbd74|2/15/13|CITY NATIONAL BANK|CITY OF INDUSTRY|6
769b7caf-393d-4160-827d-5e258a6c4919|2/15/13|CITY NATIONAL BANK|SAN FRANCISCO|3
4026402f-745b-4c56-ac82-0d780bda9225|8/25/13|CITYGRID MEDIA|WEST HOLLYWOOD|108
b4d28fbc-5b86-4333-9a0f-3457e2287ed0|1/8/13|CLIPPER WINDPOWER, LLC|CARPINTERIA|69
24d17ca4-cc25-4b92-ae97-fd98013a9a4a|4/30/13|CLIPPER WINDPOWER, LLC.|CARPINTERIA|16
354d64f8-b916-4f74-884e-d5af8bac3dc0|6/14/13|COCA-COLA BOTTLING COMPANY , INC (SAC)|SACRAMENTO|56
777b0624-47c3-4322-9eb3-aac1d5702646|6/14/13|COCA-COLA BOTTLING COMPANY, INC|WEST SACRAMENTO|6
1655c3f2-4a43-4326-90fb-12f0dcc25ef7|7/22/13|CODA AUTOMOTIVE, INC.|LOS ANGELES|53
093733b5-4554-4565-9a10-89b6ebb2faac|4/1/13|COLLEEN STRAWBERRIES (EKT FARMS)|WATSONVILLE|245
b05908b2-5f18-40e5-96ca-86aa3f376048|5/24/13|COLORADO RIVER MEDICAL CENTER|NEEDLES|99
1584ee64-257f-4796-9e8d-7b541923e554|2/19/13|COLORADO RIVER MEDICAL FACILITY|NEEDLES|102
e84287ee-cf59-408d-a736-79dafdc1fc5d|9/28/13|COMCAST|TRACY|87
f13b5923-cefa-46f3-a40a-0fcdc7f045d6|7/31/13|COMMUNITY DEVELOPMENT INSTITUTE HEAD START|LOS ANGELES|146
d8ccbf21-d6f6-4cb1-bd3b-59696f927302|7/31/13|COMMUNITY DEVELOPMENT INSTITUTE HEAD START|PASADENA|226
04a8aef3-7509-4916-aaaa-51a0497b1067|4/12/13|CONTINENTAL MARITIME OF SAN DIEGO|SAN DIEGO|185
a619dabf-db28-4e14-8da5-232a654af98d|5/6/13|COOPER LIGHTING, LLC|VAN NUYS|77
2291a389-7b0e-4a54-a820-ee5e79b15452|12/15/13|CORELOGIC TAX SERVICES|LANCASTER|74
e877d392-c0d9-47da-aeb4-518c952140ca|1/31/13|CORIX UTILITIES (US) INC|GARDEN GROVE|10
f417968c-5a53-4129-a4c9-c48bf549c699|1/30/13|CORIX UTILITIES (US) INC|ONTARIO|1
8061c412-3f29-4013-bc0d-d7e012d22c9b|8/29/13|COVIDIEN DISTRIBUTION CENTER|ONTARIO|6
5c65cec6-b180-4ed8-b1a1-4da8d9296d40|6/30/13|CSC APLIED TECHNOLOGY DIVISION|PALMDALE|67
2b1c8973-6ec0-4218-9fd5-7e5472e85885|6/30/13|CSC ATD DRYDEN FLIGHT RESEARCH CENTER|EDWARDS|78
08c43819-99f1-48e7-b5f3-9f2c5b4a5458|9/28/13|CUMMINS WEST, INC.|BAKERSFIELD|34
15b38d4a-7f08-4b14-9452-72cb938746d0|9/28/13|CUMMINS WEST, INC.|FRESNO|43
5a5005b5-aad0-4064-ab7a-7f45f550ae55|9/28/13|CUMMINS WEST, INC.|REDDING|12
f196ced6-6176-4acc-b6ab-3e38fcbae4ec|9/28/13|CUMMINS WEST, INC.|SAN LEANDRO|144
22680790-3322-43f6-98a9-71caf8fb3090|9/28/13|CUMMINS WEST, INCL|ARCATA|11
2042d825-805b-41c1-bc16-51f465911074|9/28/13|CUMMINS WEST, INCL|WEST SACRAMENTO|60
dbc99164-7ae6-41e9-b5da-3d5f1d9a0f0e|11/9/13|DEDICATED MANAGEMENT GROUP|SAN BERNARDINO|50
f3ed9cf1-c9ef-4e56-9c44-98f0c33d9f30|12/1/13|DELAWARE NO.COMPANIES TRAVEL HOSPITALITY SERVICES|LOS ANGELES|66
e1bb6313-8e7a-4b9c-9ab2-d19e2fda675e|12/31/13|DELAWARE NO.COMPANIES TRAVEL HOSPITALITY SERVICES|LOS ANGELES|42
91f28d8d-4c03-43b8-ae2c-48bf592b8de6|9/30/13|DELL SERVICES-NASA AMES RESEARCH CENTER|MOFFETT FIELD|118
d18a90b9-074f-45e7-98f1-1dd85f215d1e|6/3/13|DELUXE LABORATORIES|LOS ANGELES|79
0f277aac-864c-45a1-976a-0a660818fe58|4/19/13|DHL EXPRESS (USA)(SF INTERNATIONAL AIRPORT)|SAN FRANCISCO|83
fc04e970-9450-4564-9ac6-074c54ecd68d|6/24/13|DIGNITY HEALTH|CAMERON PARK|3
12d9a061-5b5e-4acc-84fd-b26457d89b52|6/24/13|DIGNITY HEALTH|CARMICHAEL|31
2a64839e-fc8e-4d23-b8e6-7bbe6e0ba057|6/24/13|DIGNITY HEALTH|CARMICHAEL|12
ab5b5bf6-8891-45e8-b6dc-566e67a3bd9d|6/24/13|DIGNITY HEALTH|EL DORADO HILLS|1
927c65a3-7e2a-4785-a3ef-9c1c1eb02578|6/24/13|DIGNITY HEALTH|ELK GROVE|3
0a075886-eb96-4fea-b4d4-27bc42c66f9e|6/24/13|DIGNITY HEALTH|FOLSOM|3
881c08fa-f951-4edd-aa08-e3fa07149963|6/24/13|DIGNITY HEALTH|FOLSOM|12
30b945f4-8099-4501-99e5-32db4892e9ff|6/24/13|DIGNITY HEALTH|RANCHO CORDOVA|9
cb459dc7-df77-4f63-beee-a57dfdcd5c23|6/24/13|DIGNITY HEALTH|ROCKLIN|1
31046b56-9ce5-41f7-a571-adde50b8fc6e|6/24/13|DIGNITY HEALTH|ROSEVILLE|1
e100bc04-a0b5-4fb5-83e3-5b6e8d4c5880|6/24/13|DIGNITY HEALTH|SACRAMENTO|19
14e26c15-df1b-4248-b625-002d6ed24467|6/24/13|DIGNITY HEALTH|SACRAMENTO|3
64e5c844-9777-48f6-9408-4dcc21af5f60|6/24/13|DIGNITY HEALTH|SACRAMENTO|1
7caf16ed-377a-4a22-aea0-8d74b1c2b1a7|6/24/13|DIGNITY HEALTH|SACRAMENTO|1
6bb0d966-7b5b-4a7c-a076-ed43e8a1e0ee|6/24/13|DIGNITY HEALTH|SACRAMENTO|1
c67fbb7d-a365-43c2-9e62-e56f467f19d3|6/24/13|DIGNITY HEALTH|SACRAMENTO|1
d9c89ad0-8e16-49dc-a30e-a1da0bf72788|6/24/13|DIGNITY HEALTH|SACRAMENTO|37
9627a8b0-e234-436a-9a86-b0bf64a5f09d|6/24/13|DIGNITY HEALTH|SACRAMENTO|9
2e3a3f00-b0da-4063-9418-19f09e413bc9|4/1/13|DIGNITY HEALTH (WEST BAY FINANCIAL SVCS)|SAN MATEO|70
e92ef14c-f175-4adb-99ae-31c51db50944|6/24/13|DIGNITY HEALTH-STOCKTON|LATHROP|1
75514b9f-75d6-4f54-a775-c8f16502d9ad|6/24/13|DIGNITY HEALTH-STOCKTON|LODI|7
397bc2e6-6a33-4373-9263-bad0ff3fae8e|6/24/13|DIGNITY HEALTH-STOCKTON|MANTECA|6
e0e0c5ce-bb8a-44a3-b254-c169ebcb8f0d|6/24/13|DIGNITY HEALTH-STOCKTON|MERCED|1
c84048eb-28df-48f1-bb24-71e63f612680|6/24/13|DIGNITY HEALTH-STOCKTON|MERCED|54
df8e9136-c830-4959-b429-a5702c0e8e41|6/24/13|DIGNITY HEALTH-STOCKTON|MODESTO|1
4c0c3c78-0e43-477e-81e0-6e010151ef60|6/24/13|DIGNITY HEALTH-STOCKTON|SAN ANDREAS|9
0487ee58-4d78-4f76-8433-95faeb7a5103|6/24/13|DIGNITY HEALTH-STOCKTON|STOCKTON|5
f43e2678-e55a-42c9-90ae-5e69345248b9|6/24/13|DIGNITY HEALTH-STOCKTON|STOCKTON|1
13b30765-d44c-411f-900e-3351de118276|6/24/13|DIGNITY HEALTH-STOCKTON|STOCKTON|1
dd673748-7d60-49ce-81a1-f7e5d84af427|6/24/13|DIGNITY HEALTH-STOCKTON|STOCKTON|206
a9281918-6934-4dcb-a2ed-aa6efae77504|6/24/13|DIGNITY HEALTH-STOCKTON|STOCKTON|1
83c7221e-28d3-4dcf-9c2b-b585c73d1584|6/24/13|DIGNITY HEALTH-STOCKTON|STOCKTON|4
096a35a3-8fcd-45d2-ad2e-3533e6f5443f|6/24/13|DIGNITY HEALTH-STOCKTON|STOCKTON|1
c445078d-95fa-43c2-b3ae-7e148bd05fa4|6/24/13|DIGNITY HEALTH-STOCKTON|STOCKTON|15
5b101e0c-1cef-4ae4-b0a5-767c2e640eee|6/24/13|DIGNITY HEALTH-STOCKTON|STOCKTON|3
5f23d0fc-fd55-4c77-a27a-ea939ea6638b|6/24/13|DIGNITY HEALTH-STOCKTON|TRACY|4
74b6bda7-c443-4db6-9344-7c4887676028|1/27/13|DIRECTORY DISTRIBUTING ASSOCIATES|COMMERCE|28
6d18e1ce-2bbe-4a94-8d87-4898a7143581|1/27/13|DIRECTORY DISTRIBUTING ASSOCIATES|HAYWARD|17
7010f28a-5ae7-4ee8-8489-a8fe6d213f49|1/27/13|DIRECTORY DISTRIBUTING ASSOCIATES|MERCED|42
487ba84b-151a-4c3d-82eb-b547e36f07b5|12/20/13|DIRECTV|COMPTON|1
d51b9362-33d3-4ede-b38e-c863c355ec96|12/20/13|DIRECTV|CUPERTINO|9
3056b9f6-eac9-4012-867d-18b607d22e00|12/20/13|DIRECTV|EL SEGUNDO|66
854eaf96-32e7-4ec6-be8e-49567325ecfe|12/20/13|DIRECTV|LOS ANGELES|13
f3890b73-5504-4b70-a9e2-34b333dece67|12/20/13|DIRECTV|SYLMAR|1
c7dc56fc-b51a-480f-8f5d-b2dbb60c2337|12/12/13|DISCOVER FINANCIAL SERVICES|IRVINE|74
1746e274-b4a0-4e22-b696-a4838049c63a|10/4/13|DNC PARKS & RESORTS AT SEQUOIA, INC.|SEQUOIA NATIONAL PARK|55
81eac57a-7666-4854-81fd-1ae24a5b1cf0|10/14/13|DNC PARKS & RESORTS AT SEQUOIA, INC.|SEQUOIA NATIONAL PARK|13
3858c9c2-b20c-407f-b76b-8e0bf8a831ee|11/15/13|DNC PARKS & RESORTS AT YOSEMITE, INC|YOSEMITE NATIONAL PARK|1396
ba07d582-0704-44e0-a930-cc10031b42d6|10/1/13|DTT|LOS ANGELES|64
95354d04-a856-45f2-9dfd-569875dcb8ad|8/1/13|EL CAMINO HOSPITAL|MOUNTAIN VIEW|56
00244ff2-b2da-4cf2-af69-59c18b22e55f|8/1/13|EL CAMINO HOSPITAL|SAN JOSE|34
9e04769a-cddc-4198-be9c-d75fce2405ac|8/1/13|EL CAMINO HOSPITAL|SAN JOSE|55
4623e828-d2aa-456e-b3d8-b081a312eff7|12/30/13|ELECTRONIC ARTS INC|PLAYA VISTA|59
4a0a6461-550b-4ecc-b8b2-56dc637d988f|6/10/13|ELECTRONIC ARTS INC|REDWOOD CITY|65
21cdfdaf-78b9-4841-8ffd-b8ce0a852880|11/30/13|ELITE SLIDES INC|LYNWOOD|78
30161b3d-2374-40f6-85eb-8f1fc61fcbac|9/20/13|EMQ FAMILIES FIRST|DAVIS|42
eec52819-63ef-4c5e-951f-add9da785a1f|7/31/13|EMQ FAMILIES FIRST-DAVIS CAMPUS SITE|DAVIS|77
1822a025-2454-4af6-a431-38413858f40f|6/30/13|ERNEST GALLO CLINIC|EMERYVILLE|17
987c656a-cf60-4488-8fe5-d73f976b613d|7/31/13|ERNEST GALLO CLINIC|EMERYVILLE|2
4bc6e801-dc82-4f4e-a851-91f663620731|8/31/13|ERNEST GALLO CLINIC|EMERYVILLE|3
599e8683-1454-4e88-ab95-e4297eb50f43|9/30/13|ERNEST GALLO CLINIC|EMERYVILLE|3
0e6867f1-ea88-4605-a40e-71c6ddcc88f1|1/31/13|EVERGREEN INTERNATIONAL AVIATION, INC (EAGLE)|LOS ANGELES|182
1aa58492-1629-46df-86bd-b9960c0bbf82|4/12/13|FAMSA, INC|SANTA FE SPRINGS|76
9069e364-8416-4dac-bcb7-a6c0bf052803|6/14/13|FCI FEDERAL|SAN FRANCISCO|19
64731178-525f-470b-8bb5-f261c5950762|7/13/13|FEDEX FREIGHT, INC.|LOS ANGELES|65
9a22ab8f-44f5-42d6-ac18-f4dab684c0e5|7/13/13|FEDEX FREIGHT, INC.|VERNON|54
9b24ff14-3754-4920-98db-850c60f47093|4/1/13|FIRST CALIFORNIA BANK-WESTLAKE VILLAGE CORP OFFICE|WESTLAKE VILLAGE|55
a3e6a263-ca8b-4461-84c5-4458176ef1e4|4/1/13|FIRST HUNAN RESTAURANT INC|PLEASANTON|5
f540bf34-ee36-43e4-b6c3-28f104e4d1e8|10/29/13|FIRST MEDICAL MANAGEMENT|LONG BEACH|6
06ab62c5-8cef-4afe-9b5e-63f0b909750d|10/29/13|FIRST MEDICAL MANAGEMENT|LONG BEACH|18
3b8c1571-dce1-4663-94ec-8d5c81f86fe2|10/29/13|FIRST MEDICAL MANAGEMENT|NEWPORT BEACH|14
ddd50e57-00cf-4999-aedb-cda729bad4a2|10/29/13|FIRST MEDICAL MANAGEMENT|TEMECULA|5
e366fb25-ee4f-49e9-8a1f-a2f4eb56c1b1|10/29/13|FIRST MEDICAL MANAGEMENT|VAN NUYS|19
5efeb870-8118-49c0-af50-63e9268b4180|4/5/13|FISKER AUTOMOTIVE INC|ANAHEIM|160
c25f1b1c-0b38-4131-b0fc-7a32c147e74f|6/15/13|FOUNDATION FOR EARLY CHILDHOOD EDUCATION, INC|EL MONTE|285
8026a777-2929-4547-9a2e-6fb2cb34a61e|3/15/13|FRY'S ELECTRONICS INC|SAN JOSE|163
353bf1b2-df93-40c3-ac8c-da0d6009ac05|9/30/13|G4S GOVERNMENT SOLUTIONS, INC|FREMONT|13
a5f2be66-9e70-4f53-aed2-2bc6367fd7fc|9/30/13|G4S GOVERNMENT SOLUTIONS, INC|LOS ANGELES|10
1413e4e3-83d8-46ed-b5ca-4b40f9dec495|9/30/13|G4S GOVERNMENT SOLUTIONS, INC|MATHER|13
e58d2d40-0298-4781-b9f7-125b746ea70d|9/30/13|G4S GOVERNMENT SOLUTIONS, INC|PALMDALE|12
52bb59d2-5217-4cae-968e-9d5916c5f052|9/30/13|G4S GOVERNMENT SOLUTIONS, INC|SAN DIEGO|13
d8c08c24-d8a5-4711-b205-a2191d17bd8d|9/30/13|G4S GOVERNMENT SOLUTIONS, INC|SOUTH SAN FRANCISCO|13
dcc87da6-bfb0-47bd-b6b8-8d20623a9613|7/17/13|G4S GOVERNMENT SOLUTIONS, INC.|OAKLAND AIRPORT|13
64898b59-26a2-453b-a3c1-40539f54e913|4/1/13|GARGIULO, INC|SOMIS|677
42a58e31-1889-4cf3-a00d-f22ff956c535|4/1/13|GCA SERVICES GROUP-ADVANTAGE RENT A CAR LAX SITE|INGLEWOOD|46
6c4b06cc-2a8a-46e2-8b32-9f6b1c1b0eb7|3/2/13|GENCO|FONTANA|72
c8fe64db-59b8-4706-b2cf-dea3e4442aec|6/2/13|GENE WATSON CONSTRUCTION|FELLOWS|316
353b32c3-7c41-44e8-8f6f-3421ec4806da|6/2/13|GENE WATSON CONSTRUCTION|TAFT|15
40496575-c14c-4dda-872a-03c51c30b9f0|7/1/13|GOLDEN ACRE FARMS, INC|THERMAL|200
a9d17f51-e868-4dae-8f59-83f7f9235bb4|7/15/13|GOODBY SILVERSTEIN & PARTNERS|SAN FRANCISCO|51
88abaee6-e21c-41f5-a91c-d0cf75e7eed5|12/31/13|GOODBY SILVERSTEIN & PARTNERS|SAN FRANCISCO|47
f240b2fe-5cdd-41dd-a339-71021ec29d1b|9/13/13|GOOGLE, INC (RANSTAD'S TEMP EES)|MOUNTAIN VIEW|84
aafd83b9-8ac0-49a4-be06-1a6d211bc29f|9/30/13|GRASS VALLEY USA, LLC|SAN FRANCISCO|27
00b65632-7b42-48ea-ac4a-23b4644f6b66|5/13/13|GREEN MOUNTAIN COFFEE ROASTERS|CASTROVILLE|74
925785fd-9bdf-439b-b160-f269ef4e7017|5/3/13|GSC LOGISTICS|OAKLAND|57
5acc2db4-4186-4f62-88ec-be0e0f194def|5/3/13|GSC LOGISTICS|OAKLAND|2
729bfedc-05dd-4feb-9b10-5d030931819a|7/5/13|HEALTH NET|SAN DIEGO|33
30ec6084-3f8c-414b-8740-6be4267f85fc|9/16/13|HERRICK CORPORATION|SAN BERNARDINO|140
e0f08344-1468-4387-83fd-7b84c4f2eb7a|3/8/13|HEWLETT-PACKARD COMPANY|PALO ALTO|102
b620af60-613f-4820-a9e9-cc74a2bbd85d|3/29/13|HEWLETT-PACKARD COMPANY|PALO ALTO|14
28b17f1f-f12c-475d-94bb-5e0cb0b19bcf|6/28/13|HILLSIDES EDUCATION CENTER|PASADENA|82
824c55e3-e0b0-4659-b358-ccbd7100c7b8|3/21/13|HILTON SAN DIEGO MISSION VALLEY|SAN DIEGO|148
d751e2c0-11c3-4b41-ba3d-c258ef78881a|3/1/13|HOF'S HUT MARINA|LONG BEACH|75
d3d7a4b1-4f34-4b9c-a4d4-5c7f43b2e76f|12/22/13|HOLLYWOOD PARK RACETRACK|INGLEWOOD|539
da90f817-826b-478b-b952-bfe13ae89d7d|5/3/13|HORIZON PERSONNEL SERVICES@GSC LOGISTICS|OAKLAND|74
09a14861-69de-4711-b78c-f2d6f851849f|7/7/13|HOTEL ZOSO (KITTRIDGE HOTEL MANAGEMENT LLC)|PALM SPRINGS|98
acfd5962-46e5-4194-afb4-9a04f25570a6|4/6/13|HSBC|POMONA|75
7413c8b3-c672-4c06-b249-1367be1209fc|12/15/13|HYATT REGENCY IRVINE|IRVINE|327
86605ad9-8eda-462f-8900-ef0f5082df15|8/4/13|IMPAX LABORATORIES, INC.|HAYWARD|132
28cb87c5-bc93-44db-b3db-e7328d355c51|8/4/13|IMPAX LABORATORIES, INC.|HAYWARD|8
ad975fa1-9619-44b6-b9c8-b4c5d53d67f2|8/4/13|IMPAX LABORATORIES, INC.|HAYWARD|1
3d91a1a0-1537-40fb-a6c6-0c1f71dcc754|8/4/13|IMPAX LABORATORIES, INC.|HAYWARD|2
4b621418-10b0-4f2b-bf6f-334e6144663a|2/15/13|INTEGRATED TITLE, INC.|GLENDALE|8
c9678d43-61be-4bf1-b28d-1844705048e3|12/18/13|INTERANTIONAL PAPER COMPANY|EL CENTRO|4
1ad3541b-cac5-4052-854b-4499e66895d5|8/12/13|INTERNATIONAL BUSINESS MACHINES CORPORATION|SAN JOSE|71
54c1a367-d811-40bd-b23c-6564ec091094|8/12/13|INTERNATIONAL BUSINESS MACHINES CORPORATION|SAN JOSE|64
728612e5-3558-4133-9cc3-f9e84c03f7a9|8/12/13|INTERNATIONAL BUSINESS MACHINES CORPORATION|SAN JOSE|68
f44f3774-5c50-4a78-845e-0266e39e4f46|9/20/13|INTERNATIONAL PAPER COMPANY|EL CENTRO|98
6cddfd0a-5d17-44cb-bd33-ffafdcf42ea2|11/14/13|INTERNATIONAL PAPER COMPANY|EL CENTRO|2
510ce41b-7c4d-4a35-8ec4-b26df071d15c|11/22/13|INTERNATIONAL PAPER COMPANY|EL CENTRO|3
48730c29-5847-409d-80d0-c2e201dffbb0|12/2/13|INTERNATIONAL PAPER COMPANY|EL CENTRO|3
173cba0e-05a2-4afd-9e08-268e7e41d6d5|2/5/13|INTERNATIONAL PAPER COMPANY|MODESTO|19
abd229fc-0aba-4790-8fb1-54d4480b221c|5/1/13|INTERNATIONAL PAPER COMPANY|MODESTO|136
67331f09-d2d5-4529-9854-b5f36a879bb5|2/20/13|INTERSIL|MILPITAS|72
2a8b31c7-6f48-4823-948b-3c9780dc2c09|2/20/13|INTERSIL|SAN DIEGO|1
de779335-b3a8-43ff-af1a-191cf9c0c0ac|11/11/13|INTUIT INC|MOUNTAIN VIEW|10
19846aa5-b646-4bc9-ad0c-5c06d0274009|11/11/13|INTUIT INC|SAN DIEGO|1
ac8b8375-63e1-4449-b6b7-9b45df4abc2b|11/11/13|INTUIT INC|SAN FRANCISCO|3
a64f6da9-80aa-4e44-afce-f63a6e908079|1/3/13|INTUIT INC|WOODLAND HILLS|6
fb9d0397-9a19-4128-a3e7-ed9790a8517d|7/29/13|INTUIT INC.|MENLO PARK|6
0ffe5f6b-62d6-4246-a83a-8f4f00051a33|9/9/13|INTUIT INC.|MENLO PARK|14
f534a47c-82cf-4029-a3ef-7733bfcd834c|1/4/13|INTUIT INC.|MOUNTAIN VIEW|1
91763a38-ede5-43e9-af59-059a9a3a91ef|7/29/13|INTUIT INC.|MOUNTAIN VIEW|1
f2c5c69e-86e6-469b-ba7d-446f712b5105|9/9/13|INTUIT INC.|MOUNTAIN VIEW|29
ea359f4b-6d64-4adc-abe9-77075c6274bd|7/29/13|INTUIT INC.|SAN DIEGO|2
defce225-3974-4f9f-b304-f0f3d5ea91e1|9/9/13|INTUIT INC.|SAN DIEGO|21
b8a5f84b-ac2b-4454-a441-f288fec8c928|9/9/13|INTUIT INC.|SAN FRANCISCO|3
19a77a08-2a43-43dd-b497-7a3d0bd566ca|9/9/13|INTUIT INC.|WOODLAND HILLS|65
b8cd7917-561f-415e-8fb8-ed4d1a26a6d8|9/23/13|INTUIT, INC.|SAN DIEGO|3
32c662f7-cc91-400e-9a2e-794b76d4108f|9/23/13|INTUIT, INC.|SAN FRANCISCO|1
1ec05373-ee46-460a-b0a7-02a24090d0d9|9/23/13|INTUIT, INC.|WESTLAKE VILLAGE|28
cdb5dca9-e7b1-4bf1-95b2-e92f8daefa84|9/23/13|INTUIT, INC.|WOODLAND HILLS|5
3c7d6599-846c-4b8f-8c4a-b02e265e76bb|9/23/13|INTUIT,INC.|MENLO PARK|10
1b98b68f-1ceb-46d7-a18f-649b2f238829|11/11/13|INVESTOR'S BUSINESS DAILY|LOS ANGELES|15
81e45362-1dff-407d-8f37-6f0f4d8a83bf|12/6/13|INVESTOR'S BUSINESS DAILY|LOS ANGELES|7
a8d8e57d-6061-446b-991f-7d4b3d1644dc|9/30/13|J&J WORLDWIDE SERVICES-TRAVIS AIRFORCE BASE|TRAVIS AFB|144
e7f96f34-f5c5-4058-9238-8465a5533812|12/18/13|JC'S 5 STAR OUTLET|ONTARIO|136
c82adeb3-fa22-4d6c-90f5-4f3c9a4ef453|9/27/13|JDSU UNIPHASE CORPORATION|SANTA ROSA|88
1f42aff0-8ab1-4a0a-957c-0ad649652b42|5/31/13|JERRY'S FAMOUS DELI, INC|LOS ANGELES|63
e76cfc72-e4d4-45aa-8904-6bbb52649369|3/11/13|JEWISH HOME SAN FRANCISCO|SAN FRANCISCO|101
40e31e24-1ca3-41d3-b0ad-4e4f80e4278c|7/23/13|JOHN DEERE WATER|SAN MARCOS|78
c51e3548-a04f-4845-bcf3-870d302c5dd3|11/4/13|JOHN MUIR HEALTH-CORE LAB|CONCORD|513
8464731b-a00c-4208-a2c4-79ecbc4cad07|1/7/13|JOIE DE VIVRE HOSPITALITY-MISS PEARL'S RESTAURANT|OAKLAND|53
644d4ee1-091b-42c5-8134-c5bce596f125|10/11/13|JP MORGAN CHASE (MORTGAGE BANK)|CHATSWORTH|307
fbb21311-9df3-4ad4-96e0-5f40599204cf|10/11/13|JP MORGAN CHASE (MORTGAGE BANK)|IRVINE|242
f14b5857-a684-426f-bc06-bd09d4813dc3|10/11/13|JP MORGAN CHASE (MORTGAGE BANK)|SAN DIEGO|186
64e663ad-c041-4aad-bc10-3c66bf567f60|10/11/13|JP MORGAN CHASE (MORTGAGE BANK)|SAN RAMON|162
7c0a7ab1-ccfd-490b-9459-f0d9880efd48|11/22/13|JP MORGAN CHASE-MORTGAGE BANK|CHATSWORTH|88
87e525b5-8909-45f0-9dad-6aa4be85501b|11/22/13|JUICY COUTURE INC|PACOIMA|17
698fee45-6d64-421b-b638-7cf2164afb0d|12/20/13|KAISER FOUNDATION HEALTH PLAN, INC|BURBANK|58
8e65f5ab-7398-4a50-9001-a503be67b024|12/31/13|KAISER FOUNDATION HEALTH PLAN, INC|BURBANK|31
e3ceac4d-fb20-4d79-b0bd-3456635feffe|3/8/13|KASHI|LA JOLLA|28
60a8249c-b6c9-493e-8d9b-88576887d67a|11/26/13|KEOLIS TRANSIT AMERICA|LONG BEACH|77
401974df-4d33-4995-86b8-9a4361771c6a|11/22/13|KING BROS., INC.|VALENCIA|83
6c6f83f1-39ba-4509-8d08-6be469a468f8|8/26/13|KINGSTON TECHNOLOGY|FOUNTAIN VALLEY|55
9094896c-0bae-43c3-993a-b1d71a3cc1f0|1/13/13|KMART STORE #3053|PLEASANT HILL|56
519648b1-6934-4529-88aa-f0f16e568ad8|4/14/13|KMART STORE #7678|SAN DIEGO|88
24d0773e-f890-4688-b423-494ac2f060c8|3/20/13|KYOCERA SOLAR, INC|SAN DIEGO|108
e70fb64b-6d45-4f42-896c-d38e3a2a1f57|10/19/13|LABCORP|IRVINE|24
b6130665-bde0-4f35-93b2-c966e743d734|11/16/13|LABCORP|IRVINE|42
7eb994a6-528d-4aa4-a2db-7ce5317c560e|12/7/13|LABCORP|IRVINE|84
ebddd1ab-4c77-46b9-a199-8c82f6775ea6|12/31/13|LABCORP|IRVINE|6
d67953d6-4cce-41ac-9f16-284f85cedb28|5/27/13|LABCORP-NATIONAL GENETICS INSTITUTE (NGI)|LOS ANGELES|45
d837478a-5b46-4e19-a64e-d79462d25246|3/29/13|LAM RESEARCH CORPORATION|FREMONT|34
58346759-54f9-40b3-8584-54343dc73886|3/29/13|LAM RESEARCH CORPORATION|LIVERMORE|4
00ed63d3-434e-47f3-b750-d5db4ea38a10|3/29/13|LAM RESEARCH CORPORATION|SAN JOSE|3
01fb2082-dd8b-4290-af84-c4531b9d1b99|1/15/13|LEIDOS INC|EL SEGUNDO|79
66e27f4d-2ead-4683-8f1e-94203edbe4b5|1/18/13|LIFESCAN (JOHNSON & JOHNSON)|MILPITAS|71
a05107ec-ac85-466c-bb68-07dc53eb3563|9/13/13|LIFESCAN, INC|MILPITAS|76
5d333358-a93d-4c83-ac28-79c2e5ed75a5|9/6/13|LIVE NATION ENTERTAINMENT, INC.|UNIVERSAL CITY|506
c41c835b-d35b-4de5-9034-c61089e39c30|12/31/13|LOCKHEED MARTIN|SUNNYVALE|70
0d0c2b8f-e7ba-4972-90e2-d28e25407032|12/31/13|LOCKHEED MARTIN|SUNNYVALE|70
447f7151-a9ec-4e4b-8969-1e27528a4b16|3/28/13|LOCKHEED MARTIN CORPORATION|PALMDALE|63
94976567-f112-4cb6-ba0e-cc4e648cb88a|6/30/13|LOCKHEED MARTIN CORPORATION|SUNNYVALE|100
ae802373-7d0c-47b0-8f27-480c98f035a6|9/30/13|LOCKHEED MARTIN CORPORATION|SUNNYVALE|163
16ed1572-5aee-4035-b82b-9011d870b2a4|8/25/13|LOMA LINDA UNIVERSITY|LOMA LINDA|113
4bd51e98-0756-4506-87f4-c7ee3e40461f|12/31/13|LOMA LINDA UNIVERSITY ANESTHESIOLOGY MEDICAL GROUP|LOMA LINDA|60
466892df-6f94-45ea-883f-a7e7367d6146|12/31/13|LOMA LINDA UNIVERSITY-FACULTY MEDICAL GROUP|LOMA LINDA|117
dd19427e-eba0-46a3-82d7-38356c0143df|10/14/13|LPL FINANCIAL LLC|SAN DIEGO|31
74f4bdcf-13aa-4d6c-af08-28ecbc62af19|5/18/13|LUCASFILM ANIMATION LTD|NICASIO|117
3a5417ca-abcf-4ffc-be9a-8dc91c3c29c6|6/2/13|LUCASFILM ENTERTAINMENT COMPANY (LUCASARTS)|SAN FRANCISCO|201
135e4085-f525-4306-8982-d7cde046f20b|3/18/13|MACY'S|PASADENA|109
1ca100dd-7f0e-465f-8240-f200bb2aebfc|5/9/13|MAGU RANCH PARTNERSHIP|OXNARD|128
d9c29aa0-6b4d-415b-b142-560cbf546a0b|5/9/13|MAGU RANCH PARTNERSHIP|OXNARD|6
e2af5c35-feeb-4bf7-ac79-439e8989cc64|5/1/13|MANPOWER INC (XYRATEX INC ASSIGNMENT)|WEST SACRAMENTO|126
4df8a0cb-31d5-44ca-9798-b6f2d325878b|2/28/13|MARITZ RESEARCH INC|LONG BEACH|404
081be247-1a03-476d-bbee-2c05bb917def|1/4/13|MC CANN'S ENGNG & MANUFACT. CO. (MANITOWOC)|LOS ANGELES|82
fd9513d8-7b27-4a5a-af4c-e7449aec5dd5|11/2/13|MC COMMUNICATIONS, INC|CARLSBAD|32
f01ecea1-15f9-4de9-927f-0a8fd944e1a8|11/2/13|MC COMMUNICATIONS, INC|EL CAJON|88
70ec90a9-9a4e-4689-8044-721ce7c444d7|1/15/13|MCCUNE CHRYSLER JEEP DODGE|NATIONAL CITY|87
e73e95d0-751c-4bdc-8a7f-1697acae198c|12/1/13|MCDONALDS|LOS ANGELES|55
db947b83-a39d-4be2-82f5-a2b9ecd3f9f7|11/11/13|MCLANE/SUNEAST, INC D/B/A MCLANE SOUTHERN CA|SAN BERNARDINO|53
ef165989-a812-4325-9ac1-859cd7e774c1|6/3/13|MEDICAL BILLING TECHNOLOGIES, INC.|VISALIA|48
b168a90c-8be6-40a9-b276-8db33ab147dd|8/26/13|MEDICAL BILLING TECHNOLOGIES, INC.|VISALIA|10
a249a37b-c726-4041-90ff-bf1ff4b055f1|8/26/13|MEDICAL BILLING TECHNOLOGIES, INC.|VISALIA|11
2aadc283-266f-455a-bf1b-abb194465ea3|9/3/13|MEMORIAL MEDICAL CENTER|MODESTO|16
e03e0af2-9712-4193-bdd5-13b56b1ab49f|9/13/13|MEMORIAL MEDICAL CENTER|MODESTO|2
5d0e9a05-5626-4d46-9177-32a9092f950e|9/3/13|MENLO PARK SURGICAL HOSP/PALO ALTO MED FOUNDATION|MENLO PARK|2
42dc1ab6-ea97-428a-a770-743bb4279d27|3/17/13|MENZIES AVIATION LAX|LOS ANGELES|87
0bf5b056-6d01-4497-aedf-c690909ff7c0|5/13/13|MERCURY NEWS|SAN JOSE|118
c42d8030-d788-4141-9247-b9c11a16a2ad|12/31/13|METLIFE|IRVINE|53
1ce8ab84-8059-495c-83db-7db31f95e902|12/2/13|MICROSEMI CORPORATION|SAN JOSE|110
1ab47b72-96a2-4eb7-8147-d882f642f524|9/30/13|MILLS PENINSULA DIVISION|BURLINGAME|3
330f2fa9-d922-4846-9947-ca277bb7ec83|5/28/13|MILLS PENINSULA EXT CARE-BAY AREA SR HEALTH SVCS|SAN MATEO|76
7b0e57b1-c41d-4d89-aa21-cd8cdfc9a60b|4/1/13|MILLS-PENINSULA HEALTH SERVICES|BURLINGAME|48
0a1b71fe-3ceb-4a2d-8938-e4ea10588792|8/19/13|MILLS-PENINSULA HEALTH SERVICES|BURLINGAME|41
ab360fa8-75f9-4f02-a9d0-71e1806623a3|9/3/13|MILLS-PENINSULA MEDICAL CENTER|BURLINGAME|12
fa0c22e2-a02d-4e00-8c18-60e2beb109c6|5/20/13|MONEY MAILE LLC|GARDEN GROVE|14
00ed109c-7ef7-4fc3-acad-efc9afcdf99f|9/30/13|MONEY MAILER LLC|GARDEN GROVE|6
88e5fd43-245a-415e-9596-44a9dfef46e6|5/6/13|MONEY MAILER LLC|GARDEN GROVE|5
842b3246-1c1b-40be-aea3-8b52e229c62d|6/6/13|MONEY MAILER LLC|GARDEN GROVE|17
b01a5ed8-bd54-49f0-b792-fed2afb048b1|7/2/13|MONEY MAILER LLC|GARDEN GROVE|75
ad49461f-c970-4649-b4e2-066d660ee77d|1/8/13|MONITOR GROUP LIMITED PARTNERSHIP|SAN FRANCISCO|66
2d5aa3aa-1ed9-4427-8fd5-f4010ef8df18|12/31/13|MONTEREY CARE CENTER, INC.|ROSEMEAD|100
18cf8f27-f5e6-438b-bc5b-f76235e63db3|12/31/13|MOONDOGGIES|SAN DIEGO|52
d0e3300b-fd4a-4304-ac44-1b83367cb3c4|6/28/13|MORNGO BASIN MHS-BIG BEAR RECOVERY SVCS|BIG BEAR LAKE|7
30f84a8a-4a17-42c0-9127-41a057273bbb|6/28/13|MORONGO BASIN COUNSELING & RECOVERY-MAIN AGENCY|YUCCA VALLEY|70
8977496c-32c3-498f-a000-a04cb974440e|6/28/13|MORONGO BASIN MHS (29 PALMS CLINIC)|TWENTYNINE PALMS|6
42490b77-35d3-4b1e-85c7-b7ccbcd436af|6/28/13|MORONGO BASIN MHS-BARSTOW RECOVERY SVCS|BARSTOW|19
c62d7cd2-3a78-4c6e-869e-909113e7157b|6/28/13|MORONGO BASIN MHS-BARSTOW RECOVERY SVCS OUTPATIENT|BARSTOW|3
62e7bbaf-7277-4319-baed-fcbd5a38f5a5|6/28/13|MORONGO BASIN MHS-JOSHUA TREE DRUG COURT|JOSHUA TREE|4
56969f85-b85b-4e77-9e5c-31b78b553b8f|6/28/13|MORONGO BASIN MHS-LUCERNE VLY CLINIC & CLUBHOUSE|LUCERNE VALLEY|3
e54d3a67-9f7e-4a66-b7db-cd7244531035|6/28/13|MORONGO BASIN MHS-MBMH CHOICES DDP & DEJ|JOSHUA TREE|4
749a886a-0abf-4487-af95-3a8af765cdab|6/28/13|MORONGO BASIN MHS-MONTEREY BUSINESS CENTER|YUCCA VALLEY|39
2ebcc379-d4cf-4ae1-acaf-cd7a6015144d|9/6/13|MOZZARELLA FRESCA, INC.|TIPTON|144
577917d7-855e-45d3-a9ce-ab6214e27ee2|2/17/13|MV TRANSPORTATION INC|FRESNO|91
fc1a0cfd-b7e1-4437-aceb-4853018442b6|6/30/13|MV TRANSPORTATION, INC.|VALLEJO|129
8b7234eb-edd1-4677-9b89-8c1b5f607650|4/15/13|NANOSOLAR, INC|SAN JOSE|170
6aba897f-3f37-4b65-a727-438bb6161d45|12/31/13|NATURAL BALANCE PET FOODS, INC.|PACOIMA|92
01db6e10-563a-4243-baed-e57a17ac475a|11/11/13|NBC UNIVERSAL MEDIA LLC|LOS ANGELES|97
8fef5c47-5f06-4398-a24f-d293f0239edc|12/17/13|NBCUNIVERSAL MEDIA LLC|LOS ANGELES|14
f1ff0c5c-55b4-4c94-994e-6f8efbb7032f|1/31/13|NBTY ACQUISITION LLC|CARSON|73
98f3a3cc-5a6b-4de9-8cb0-22deaddb60ba|5/17/13|NBTY ACQUISITION LLC|CARSON|256
39747c22-62ee-48f4-9ba6-c3a0657ed644|8/6/13|NE OPCO, INC. D/B/A NATIONAL ENVELOPE|BASSETT|147
582b9a8b-4e97-42f1-a916-6268ac7666b6|7/16/13|NETAPP, INC.|SUNNYVALE|235
80164f52-f6dc-40f6-951f-f75887394c49|5/3/13|NEW DIMENSION ONE SPAS, INC|VISTA|29
c912968f-1c13-4d0c-95e0-47d53ad46ada|5/25/13|NEW DIMENSION ONE SPAS, INC|VISTA|8
56dbabb0-879b-479a-a1af-836e91ed647b|4/5/13|NEW MEATCO PROVISIONS, LLC|LOS ANGELES|152
94c07d62-cf0c-43e8-8e86-b4418a314090|9/27/13|NEWPORT DIVERSIFIED (SANTA FE SPRINGS SWAP MEET)|SANTA FE SPRINGS|23
95f1843c-571c-4db2-8d6f-218c86fc83dc|3/4/13|NEWPORT DIVERSIFIED, INC. SANTA FE SPRINGS SWAP|SANTA FE SPRINGS|33
edcd89aa-eeab-4fc6-a893-33867567adab|3/31/13|NICK'S AT THE BEACH, INC (DBA/NICK'S AT THE PIER)|SAN DIEGO|50
23842919-ba1a-4a60-9d18-0e03fc0023f1|4/1/13|NORDSTROM - ESCONDIDO REGIONAL OFFICE|ESCONDIDO|13
72c8c50c-0286-4cd1-a44d-478b87d45c0d|4/1/13|NORDSTROM-SAN DIEGO REGIONAL OFFICE|SAN DIEGO|40
1c7f9964-c2ec-4128-811d-a710e8930bd7|7/17/13|NORMS RESTAURANTS|SANTA MONICA|62
148ebe9d-0132-4ebd-8bd5-56366b386671|3/4/13|NORTH AMERICAN BREWERIES (SACTO PYRAMID ALEHOUSE)|SACRAMENTO|53
dfeb6794-93c9-4190-bd22-27957216c3c8|10/28/13|NORTHRIDGE HOSPITAL MEDICAL CENTER|NORTHRIDGE|138
b5772570-5cda-47eb-9c7e-a76bd0bffe10|11/14/13|NORTHROP GRUMMAN TECHNICAL SRVCS|FORT IRWIN|55
9a12ede7-fea4-4fd2-8a2f-17ccc07c7b26|5/31/13|NORTHROP GRUMMAN TECHNICAL SRVCS (LSS CONTRACT)|FORT IRWIN|768
0899ec71-5a36-42ee-ba02-f760753526ec|12/31/13|NOVARTIS PHARMACEUTICALS CORPORATION|VACAVILLE|36
fff30499-c6c6-463c-bedc-e87949d625e9|11/22/13|NOVARTIS VACCINES & DIAGNOSTIC, INC|EMERYVILLE|54
fe4c73e1-ee0f-4013-8ca9-db65eecc11d8|3/17/13|OCEAN AVENUE SEAFOOD|SANTA MONICA|54
f0997275-c441-46de-9b55-381bef0fe15c|5/23/13|OMNICARE, INC|BURBANK|62
f84e6fbd-67cd-49f8-a4b0-bf7d9658f592|8/31/13|ONEWEST BANK, FSB|IRVINE|102
b79188a7-8186-4fc3-811b-8518a17b35e8|8/31/13|ONEWEST BANK, FSB|PASADENA|78
4104a3c5-5d73-4c61-974e-062835cc7945|12/31/13|ONYX PHARMACEUTICALS|SOUTH SAN FRANCISCO|58
dc6ff4a6-85af-4c00-b657-a48546ba6be0|12/31/13|OPTIMER PHARMACEUTICALS INC|SAN DIEGO|10
0fe3359d-9b89-467b-af95-a23cfe77a321|1/1/13|OZUMO SANTA MONICA, LLC|SANTA MONICA|61
87b5fc21-9ece-41b2-acf3-778169827d4b|5/10/13|PACIFIC GAS & ELECTRIC|CONCORD|1
b87efd65-c014-4620-baad-be5be8f7df22|5/10/13|PACIFIC GAS & ELECTRIC|CUPERTINO|1
824436d8-c5b2-45fd-8eca-888bbb362c03|5/10/13|PACIFIC GAS & ELECTRIC|DAVIS|1
c181dc7a-a367-47d0-8ad0-653796f649fe|5/10/13|PACIFIC GAS & ELECTRIC|FRESNO|1
39522c63-004c-4749-9809-291277a7b3cb|5/10/13|PACIFIC GAS & ELECTRIC|FRESNO|1
7a538afc-5d4b-434d-9363-9bddd780f0ba|5/10/13|PACIFIC GAS & ELECTRIC|JACKSON|1
aecff180-b6b7-4839-8ff8-fb6df1f6dcf9|5/10/13|PACIFIC GAS & ELECTRIC|SACRAMENTO|2
5142a1b6-f156-4ecf-b984-1af8d8fa1e2f|5/10/13|PACIFIC GAS & ELECTRIC|SAN CARLOS|1
a5aead2d-05eb-43b5-b729-e00b18153d98|5/10/13|PACIFIC GAS & ELECTRIC|SAN FRANCISCO|52
c8d3054c-98a0-419b-9fcd-bcee9c664b03|5/10/13|PACIFIC GAS & ELECTRIC|SAN FRANCISCO|3
c7feae89-6436-48ec-ac14-36273a53e2e5|5/10/13|PACIFIC GAS & ELECTRIC|SAN RAMON|1
30c5fbc5-c270-4163-aae6-59b2d5de4b1a|5/10/13|PACIFIC GAS & ELECTRIC|SANTA CRUZ|1
3f676c73-4f88-4723-8a3b-33744f5ed76d|5/10/13|PACIFIC GAS & ELECTRIC|STOCKTON|1
3bcb85d9-1a73-4e80-a750-c9c08abdc6c6|10/29/13|PACIFIC HOAPITAL OF LONG BEACH|LONG BEACH|104
d8281a75-9313-4814-8e56-e689021d6ca8|10/29/13|PACIFIC HOSPITAL OF LONG BEACH|LONG BEACH|569
3f39e324-42fd-4fc6-aa14-daa319035970|10/29/13|PACIFIC HOSPITAL OF LONG BEACH|LONG BEACH|18
5096b099-646c-4b53-88bc-e39456c0985a|10/29/13|PACIFIC HOSPITAL OF LONG BEACH|LONG BEACH|7
764c8901-185e-45b2-9ea9-99a51f0b6904|10/29/13|PACIFIC HOSPITAL OF LONG BEACH|LONG BEACH|6
bd116d71-3871-4ad2-8c59-d78d84e80246|8/14/13|PACIFIC SCIENTIFIC COMPANY|DUARTE|194
03883674-1fec-4e3f-a1c5-ebf4469053fd|3/1/13|PACIFIC SHIP REPAIR AND FABRICATION, INC|SAN DIEGO|280
35bce5d0-d93c-4443-abf5-87a9a88f0b74|7/31/13|PACIFICA HOTEL COMPANY|MARINA DEL REY|79
19b45833-7c45-4a99-bbad-88f86be68beb|7/26/13|PALOMAR HEALTH|ESCONDIDO|17
cfc76d18-8ca8-4118-ac77-2927f6b68905|7/26/13|PALOMAR HEALTH|ESCONDIDO|32
bde8c3bf-63b6-4b1c-8f60-e077d3e7fe2d|7/26/13|PALOMAR HEALTH|ESCONDIDO|2
0dec1fdd-70c7-4e37-81ad-ac3930723f0a|8/19/13|PALOMAR HEALTH|ESCONDIDO|9
80ca11ae-cf65-412d-8eb8-779976b3cfcc|8/19/13|PALOMAR HEALTH|ESCONDIDO|1
5d97354a-89bc-4c99-af59-ab2b76beb751|9/1/13|PALOMAR HEALTH|ESCONDIDO|122
b74e5dbd-8def-4050-9b44-e4ed12166549|7/26/13|PALOMAR HEALTH|POWAY|14
09f8e049-8aa1-4f00-9388-36e3400e5c6b|7/26/13|PALOMAR HEALTH|SAN DIEGO|12
5ceb9fef-b089-4b14-a0fb-dd21a85fa2c7|8/19/13|PALOMAR HEALTH|SAN DIEGO|3
2df3740a-f72d-4b5d-a407-7995116f88bd|8/19/13|PALOMAR MEDICAL CENTER|ESCONDIDO|7
cba95e65-8cd3-4398-b67f-ca9012ff421c|9/19/13|PALOMAR MEDICAL CENTER|ESCONDIDO|35
197b9f4e-f085-4cb7-a911-82a42f5a25d0|6/30/13|PARAMEDICS PLUS, LLC.|SAN LEANDRO|50
d2295723-02b8-4964-bdb0-fb6d08ca6dbf|1/28/13|PARAMONT PETROLEUM CORP (EDINGTON LLC)|LONG BEACH|6
ae95213c-4331-4110-87fc-ac7519145eee|1/28/13|PARAMONT PETROLEUM RIFINERY|PARAMOUNT|59
a5b6d002-c638-4b12-ac94-0d24befe5937|9/3/13|PARAMOUNT ENERGY SOLUTIONS LLC|GRANITE BAY|170
4c3d0bff-c099-4c92-827c-191892fbf3dc|10/1/13|PARAMOUNT PICTURES CORPORATION|LOS ANGELES|73
71c8a87a-f373-4b0e-880b-81d8453cd453|5/29/13|PENNYSAVERUSA.COM|RANCHO CORDOVA|43
a28bef64-e36b-417d-8561-1bc221743f2e|7/10/13|PENNYSAVERUSA.COM|RANCHO CORDOVA|72
17f504fd-d2ad-4519-a676-d8ff9308e0ae|4/29/13|PENNYSAVERUSA.COM (HARTE- HANKS SHOPPERS INC)|RANCHO CORDOVA|5
c3251b6e-de7f-4416-a456-2fe50a060acf|4/27/13|PENNYSAVERUSA.COM (SOUTHERN COMPRINT CO)|RANCHO CORDOVA|25
5bcf690c-1097-42f9-b7bf-508ad1b90c46|12/5/13|PEREGRINE SEMICONDUCTOR CORPORATION|SAN DIEGO|20
aa6cf34c-4655-4428-9618-c9a58d504e25|8/12/13|PERSEID THERAPEUTICS LLC|REDWOOD CITY|59
974acd1c-10f8-42f3-840f-c40fd24becea|5/8/13|PFIZER|SAN DIEGO|80
011a082a-991b-454e-9b40-be9d8839ca61|12/29/13|PHIL'S BBQ|SAN DIEGO|144
03bb9cbe-cca1-4f00-ad78-7dee51b69909|9/28/13|PHILIPS ELECTRONICS NORTH AMERICA|SAN JOSE|72
0675c6e9-de35-489c-a1a5-8d3f9d8fef71|4/14/13|PHOENIX CASINO & LOUNGE INC|CITRUS HEIGHTS|61
4c9d89a4-a426-4ca1-aee0-897c6c979e1e|1/11/13|PMI MORTGAGE INSURANCE CO|WALNUT CREEK|64
391f9e6a-ebd8-437a-891c-9baabf6586e5|1/1/13|PNEUMATIC SCALE ANGELUS|VERNON|111
f1ce3e41-4eb8-4764-af8c-cfacd58561e8|7/8/13|PNEUMATIC SCALEANGELUS|VERNON|8
965d2672-9c18-4e3c-bfec-37e622ce53ec|7/8/13|PNEUMATIC SCALEANGELUS|VERNON|10
6b4527da-21e4-464f-a97f-5dad83979cd3|4/16/13|POINT WALKER INC|CITRUS HEIGHTS|133
8a32f2dd-d115-4886-bd9d-6755ccd40586|7/15/13|POINT WALKER, INC D/B/A/ LUCKY DERBY CASINO|CITRUS HEIGHTS|118
e320000f-5182-4593-9c4b-02b5fc529f23|6/30/13|PORTS AMERICA-TTI OPERATIONS & MARINE TERMINALS|OAKLAND|31
1b70bd6d-8d41-4339-a336-7d328e0ef28a|12/13/13|POST FOODS, LLC|MODESTO|49
63aeb044-c5a4-4131-a968-782efde840e4|4/1/13|POWERWAVE TECHNOLOGIES|SANTA ANA|188
fdfad2cf-42ad-4f6e-b226-688ed986872b|1/15/13|PRATT & WHITNEY ROCKETDYNE, INC|CANOGA PARK|88
39a4464e-2f53-4dd3-b6d4-2120c8f55cf9|3/31/13|PRIMETECH INTERNATIONAL INC|BARSTOW|104
921eae38-7d0a-4b0f-96cc-bf4108e90400|4/26/13|PROMMIS|SAN DIEGO|129
7e903b3a-1800-43bd-a23e-e22a3db71e30|4/1/13|PSPM - DOWNEY ORTHOPEDIC|DOWNEY|57
0bd31be9-060f-4acc-904a-bb2d5f74152c|4/1/13|PSPM - ENCINO|VAN NUYS|20
2c73099c-9e7e-40db-b9b2-834ce7e501f3|4/1/13|PSPM - IMPERIAL LIEN SOLUTIONS|LONG BEACH|20
af4e7304-2dfb-4c14-92be-84b12644ab0a|4/1/13|PSPM - PSPM CORPORATE OFFICE|NEWPORT BEACH|12
c015f639-20a1-4dbb-8df5-3a772078734f|12/15/13|PSS WORLD MEDICAL - MCKESSON CORPORATION|SANTA ANA|8
33d78999-12f0-47c0-9d9f-f4c8dd20491f|11/15/13|PSS WORLD MEDICAL -MCKESSON CORPORATION|SANTA ANA|34
d6269f28-595e-4270-9d4f-5dfb3531b567|11/15/13|PSS WORLD MEDICAL-MCKESSON CORPORATION|SANTA ANA|4
e142acf0-537f-42a7-a73f-5ae61cbe0954|12/15/13|PSS WORLD MEDICAL-MCKESSON CORPORATION|SANTA ANA|2
d05373f2-fd09-4b20-ad47-9e31570bde54|11/22/13|QUAD/GRAPHICS, INC|PITTSBURG|88
37cf9caf-885c-4909-a288-6d3c67446431|4/7/13|QUARTERMASTER, LLC|CERRITOS|60
ca7e9845-6191-43ee-a218-66bf0137c2f6|4/8/13|QUIKSILVER, INC|HUNTINGTON BEACH|16
770e0544-7add-4984-b50d-25dc88cb541c|4/30/13|QUIKSILVER, INC.|HUNTINGTON BEACH|49
a4e8b886-bdbc-4bcd-8ad4-3083f69ffe7c|1/31/13|RADIOLOGICAL ASSOCIATES OF SACRAMENTO|SACRAMENTO|341
a580a4b4-aa20-4c73-a687-494285676a6e|7/9/13|RALPHS|IRVINE|51
3b3a7801-68eb-4bb3-b1ad-dc1219fdddc4|8/30/13|RALPHS|SAN DIMAS|61
c34feaf9-22a7-4edf-adc8-35ef330e4e4f|5/24/13|RALPHS GROCERY COMPANY|ARCADIA|49
c23fabba-522d-44ed-996e-62767cf808f0|1/15/13|RALPHS GROCERY COMPANY|FONTANA|57
43aecc6f-e95d-4f3d-b5ac-e9d18f8c9eec|3/10/13|RALPHS GROCERY COMPANY|RIVERSIDE|24
dcb5f988-1c8c-4cb0-8e70-e31ed0c78c0a|1/1/13|RALPHS GROCERY COMPANY #104|LA MESA|60
a07ab034-5d53-4944-8cda-1ddc0c9c2965|10/18/13|RALPHS GROCERY COMPANY #637|SYLMAR|58
82158bd2-c08a-46ba-b4ad-e8bb60f3e26b|3/10/13|RALPHS GROCERY COMPANY (ARTESIA)|COMPTON|11
0c37ebb3-210c-45cf-a6f0-5f357ce07809|3/10/13|RALPHS GROCERY COMPANY (GLENDALE)|LOS ANGELES|15
09222e69-2743-4793-962a-1a509a3975e8|3/10/13|RALPHS GROCERY COMPANY (LA HABRA)|LA HABRA|3
a46f7a17-9515-4286-b19e-e9ac162afb01|3/10/13|RALPHS GROCERY COMPANY (PARAMOUNT)|PARAMOUNT|23
ed839942-3ca9-45e9-96a6-341e289cae47|3/10/13|RALPHS GROCERY COMPANY (WILMINGTON)|COMPTON|32
e86caa42-b5e0-4526-bd01-7c9c8b7029fe|6/15/13|RALPHS GROCERY COMPANY STORE #631|LONG BEACH|67
260f2f89-e3a0-49ac-887d-712be87700a2|5/17/13|RALPHS GROCERY COMPANY- LOACTION 152|MORENO VALLEY|55
182f5517-b937-40f6-b699-251b35eb9b64|6/11/13|RANDSTAD (GOOGLE ASSIGNMENT)|MOUNTAIN VIEW|36
655a7d28-0ca1-4a9a-a303-4d4362df0e3e|7/24/13|RANDSTAD (GOOGLE, INC.)|MOUNTAIN VIEW|30
cfc2df7a-020e-4474-9de6-55f006ee3600|4/9/13|RANDSTAD (TEMP ASSGN W/GOOGLE)|MOUNTAIN VIEW|31
9f1f91b5-30c6-465a-bd47-c388161e3d7e|12/31/13|RAS MEDICAL GROUP|SACRAMENTO|8
db7d7c62-f561-449f-858e-140508252c38|12/31/13|RAS MEDICAL GROUP, FOLSOM UROLOGY|FOLSOM|11
9e003b76-f02d-4f9c-8a7f-878f6c0521d5|12/31/13|RAS MEDICAL GROUP, NOR. CA.THORACIC/VAS.INSTITUTE|ROSEVILLE|1
be3f7f30-87f9-4258-98d7-9a773c275fd5|12/31/13|RAS MEDICAL GROUP,(SCHMO)|SACRAMENTO|16
2b282c47-1f55-4f72-b521-e18542fde759|12/31/13|RAS MEDICAL GROUP,CARMICHAEL UROLOGY|CARMICHAEL|7
42637623-9e56-46da-b716-6e2b927de20f|9/16/13|RAYTHEON COMPANY|EL SEGUNDO|54
a44dc23b-cf0f-42fe-9564-4f99900eeaa5|6/28/13|RENAISSANCE STANFORD COURT HOTEL|SAN FRANCISCO|90
f6eefaff-7123-4b16-b555-d89c374def8b|8/27/13|REVCYCLE+, INC|CERRITOS|163
b3920e58-c323-4196-a46f-b92cb2085200|10/26/13|REVCYCLE+, INC|CERRITOS|26
d9a9438a-2098-4596-bcd5-fbd91687599e|4/12/13|RHYTHM AND HUES, INC|EL SEGUNDO|464
ae337fc3-770b-464c-9051-08813ff30da1|2/10/13|RHYTHM AND HUES, INC.|EL SEGUNDO|254
7b78248c-1b12-4731-8a99-27d70fd060f8|12/1/13|RICON|PANORAMA CITY|50
f1ac49f6-1348-4159-b5e2-8773c086db3a|11/27/13|RIO TINTO MINERALS(U.S. BORAX INC)|BORON|234
15c1cc17-1d9c-4435-9d78-4defe79e0b85|4/14/13|RITZ-CARLTON, LAKE TAHOE (MARRIOT INTERNATIONAL)|TRUCKEE|250
2c72a571-2cb7-475a-aff7-386d896b347d|7/22/13|RM FOODS|VERNON|166
7d54e069-f030-4870-9da1-0af223e970ca|3/31/13|ROME RESEARCH CORPORATION (RRC)|CAMP ROBERTS|54
14a700f5-403e-4b92-8cb3-23535f52dfce|5/31/13|RUBIN POSTAER ASSOCIATES|SANTA MONICA|90
02551ef0-6687-4f3b-af00-3ba875bf75da|12/31/13|RUSHMORE LOAN MANAGEMENT SERVICES LLC|IRVINE|101
c2cfee85-9c70-4fe9-8ece-a85f758c044c|9/23/13|RYDER|SAN BERNARDINO|108
8264a9b7-3e6e-4c01-9f85-fd4c407d0228|2/4/13|SAFEGUARD PROPERTIES MANAGEMENT, LLC|SAN BERNARDINO|168
62567cec-acc2-46e4-8687-5ede8747f9a3|2/4/13|SAFEGUARD PROPERTIES MANAGEMENT, LLC|WESTLAKE VILLAGE|82
0db98753-dafd-4d4f-8e3f-24838301decf|1/23/13|SAINT AGNES MEDICAL CENTER|FRESNO|75
c29ee42b-e09c-4151-b760-0a5334de8251|8/25/13|SALTER LABS|ARVIN|87
df047f65-0794-4654-a74c-13e1d160b422|1/4/13|SAN DIEGO HOSPICE-INST FOR PALLIATIVE MEDICINE|SAN DIEGO|129
b578f1be-e895-46da-9071-549687cf441f|5/6/13|SAN DIEGO TOURISM AUTHORITY (SDTA)|SAN DIEGO|84
8bb37f5e-3d3c-46ba-9091-39f67a258b31|6/1/13|SAN FRANCISCI MUSEUM OF MODERN ART|SAN FRANCISCO|48
f798a774-f9b9-4a7d-a509-d4ce9603a55f|4/1/13|SAN FRANCISCO MARRIOTT MARQUIS-FOURTH ST BAR&GRILL|SAN FRANCISCO|24
5712095e-ff80-4aa3-84ee-7acbfb9d3ba0|10/31/13|SAN LEANDRO HOSPITAL (SUTTER HEALTH)|SAN LEANDRO|464
ea6ecbf6-0115-4a5a-8aba-539924c602e2|5/16/13|SANTA FE SPRINGS SWAP MEET- NEWPORT DIVERSIFIED INC|SANTA FE SPRINGS|33
bd67e228-aee6-48a9-9253-d2c9b792745f|2/1/13|SCIENCE APPLICATIONS INTERNATIONAL CORP (SAIC)|SAN DIEGO|57
4088a9d5-9f7d-4d0d-86a8-2a38f95ef729|4/12/13|SCIENCE APPLICATIONS INTERNATIONAL CORP (SAIC)|SAN DIEGO|68
e7e76b64-38b8-4bf1-8712-2bae8a1a2762|5/3/13|SELECT STAFFING@GSC LOGISTICS|OAKLAND|77
ffa12968-d2e1-4d14-85f2-bc92342a3ef1|1/2/13|SHELTER ISLAND INC (TOM HAM'S LIGHTHOUSE)|SAN DIEGO|70
5e794d6e-be56-46ae-8396-91c6ae09a516|12/31/13|SHOEDAZZLE.COM, INC|LOS ANGELES|52
8a98ca09-d405-4a3c-ab32-42c5e6c12aee|3/31/13|SIDECCA, INC (CORPORATE OFFICE/WAREHOUSE)|CHATSWORTH|24
150148a1-6f11-4abc-a7ab-d9732ba26331|3/31/13|SIDECCA, INC - NORTHRIDGE FASHION CENTER|NORTHRIDGE|11
4558a2e2-e116-4a41-8819-686239a6e397|3/31/13|SIDECCA, INC-BREA MALL|BREA|11
74fb9280-c234-458b-9c66-e456c6597716|3/31/13|SIDECCA, INC-BURBANK TOWN CENTER|BURBANK|9
cf51f5f4-9589-4481-a8bf-75ae5d7b2ac0|3/31/13|SIDECCA, INC-LOS CERRITOS CENTER|CERRITOS|11
8ae83105-4846-4437-b679-b85e3c3997c2|3/31/13|SIDECCA, INC-MONTCLAIR PLAZA|MONTCLAIR|9
fddc8e72-403e-4473-a02e-d337fd50f09c|3/31/13|SIDECCA, INC-VALENCIA TOWN CENTER|VALENCIA|10
09083fd9-fd89-43eb-a51a-331738a5f3f4|3/31/13|SIDECCA, INC-WESTFIELD SANTA ANITA|ARCADIA|10
4d039821-d8fd-4b14-900c-1b75e57dcee5|6/30/13|SILGAN CONTAINERS|RIVERBANK|176
78739d8e-ccf6-4d11-bf9d-82cacab918ea|9/1/13|SILGAN CONTAINERS|RIVERBANK|160
3cc282ed-c86a-43d3-8f87-87258c4158a6|10/20/13|SILGAN CONTAINERS|RIVERBANK|63
682a88fd-936d-4fd9-928d-d112587f4d99|10/27/13|SILGAN CONTAINERS|RIVERBANK|21
07ad151f-2bb2-4d48-b81d-a7e419801f73|11/3/13|SILGAN CONTAINERS|RIVERBANK|34
2f4a8aa5-2b2d-4b4c-9c61-1f1e98a6089f|11/10/13|SILGAN CONTAINERS|RIVERBANK|30
3cfe38b4-d917-4f2c-a3b9-2befd4aea2c8|11/24/13|SILGAN CONTAINERS|RIVERBANK|25
7682be20-22d4-45ab-ba7b-d02d3b6ef4bb|12/15/13|SILGAN CONTAINERS|RIVERBANK|4
0a377445-b898-452e-a177-04b24b57040f|10/8/13|SILVER STAR AUTOMOTIVE GROUP|THOUSAND OAKS|47
afe5ef75-8876-44a7-980b-e2a2dbcaf995|3/11/13|SODEXO, INC|LOS ANGELES|130
03a33e82-8619-420f-95ec-ef7e6d3d6841|4/19/13|SODEXO, INC|THOUSAND OAKS|93
29348a83-5679-4f5d-9b99-59a9270445a0|4/16/13|SODEXO, INC.|COMPTON|179
4eb37da4-effb-42e6-b897-22bfaf574356|6/17/13|SOLOPOWER|SAN JOSE|33
c59951d9-feec-4cd0-913d-6f6906617e0a|4/30/13|SOLOPOWER INC|SAN JOSE|61
21def6ab-dc32-4cce-b601-9776cfac2468|4/26/13|SONY ELECTRONICS INC|SAN DIEGO|130
c94ad6ad-9825-41db-bc3c-c254fe6aaecc|10/28/13|SONY ONLINE ENTERTAINMENT|SAN DIEGO|70
c9e2baa8-03aa-4a80-9d07-76df2f80d77b|7/13/13|SOUTHERN CALIFORNIA EDISON|IRWINDALE|6
3869ebce-74e6-4e8d-9771-53c239dede32|7/13/13|SOUTHERN CALIFORNIA EDISON|IRWINDALE|4
0f249559-f920-4ed9-a6fe-049e83f8e37a|7/13/13|SOUTHERN CALIFORNIA EDISON|ROSEMEAD|46
63b32706-abfd-4253-95ca-9291e69d2a37|8/26/13|SOUTHERN CALIFORNIA EDISON|SAN CLEMENTE|600
eceecb0e-8ce8-446c-9d55-0e3c5bb37df4|10/3/13|SOUTHERN CALIFORNIA EDISON|SAN CLEMENTE|547
6cf78c78-a886-403f-b64e-90a55fb80f48|3/11/13|SOUTHERN CALIFORNIA EDISON (SONGS)|SAN CLEMENTE|100
67bd6601-c65b-43c2-81b6-7514450d64f1|4/26/13|SOUTHERN CALIFORNIA EDISON (SONGS)|SAN CLEMENTE|100
3de4e3c2-25a2-40eb-87dc-1e006e6fdce1|5/19/13|SOUTHERN CALIFORNIA EDISON COMAPNY (SCE)|ROSEMEAD|49
51e605cc-f534-412b-936c-b48316a79491|6/16/13|SOUTHERN CALIFORNIA EDISON COMPANY|IRWINDALE|11
9be5cd2c-b5b1-4987-a2e1-5866538815ca|6/16/13|SOUTHERN CALIFORNIA EDISON COMPANY|IRWINDALE|14
ca81969e-8470-4b0d-8be8-f22434c0f5c8|6/16/13|SOUTHERN CALIFORNIA EDISON COMPANY|ROSEMEAD|46
c624be7b-1913-4f58-bbf4-b1699bc5ce2a|9/27/13|SOUTHERN CALIFORNIA EDISON COMPANY|SAN CLEMENTE|14
55772704-30a0-4b25-8303-1f6b2eb1a6fd|5/11/13|SOUTHERN CALIFORNIA EDISON COMPANY (SCE)|IRWINDALE|15
af97f072-587c-4c39-8148-0915d84ba2f9|5/11/13|SOUTHERN CALIFORNIA EDISON COMPANY (SCE)|IRWINDALE|16
31e483e0-e614-4f79-a410-f2d6ed7c36d9|5/11/13|SOUTHERN CALIFORNIA EDISON COMPANY (SCE)|IRWINDALE|40
74888869-893d-47a0-84b1-953da4aaf672|5/11/13|SOUTHERN CALIFORNIA EDISON COMPANY (SCE)|ROSEMEAD|52
d3772f5f-3340-43b1-aca5-62cd9f823e26|6/3/13|SOUTHERN CALIFORNIA EDISON COMPANY-SONGS|SAN CLEMENTE|250
a97de327-f5df-4130-a3df-53b8107ab79b|11/1/13|SOUTHERN CALIFORNIA EDISON- SONGS(MESA)|SAN CLEMENTE|8
54396915-42a3-459a-8165-644209042cbf|11/1/13|SOUTHERN CALIFORNIA EDISON- SONGS-SSID-PPD|WESTMINSTER|19
8f57c48b-e6e8-41a6-bc41-63d9fe6dc4f1|10/30/13|SPECTRUM ATHLETIC CLUB- VALENCIA|SANTA CLARITA|88
7cc05a2c-a965-4c56-96e4-e41f3ee43b8c|2/1/13|ST. JUDE MEDICAL CENTER (ST. JOSEPH HEALTH)|FULLERTON|57
a65b049e-1eb6-4d33-9728-37029604cd65|8/12/13|ST. MARY MEDICAL CENTER|LONG BEACH|86
27e6deb2-6c37-4e82-a7b2-9637f24ec3d6|1/31/13|ST.JOHNS REGIONAL MEDICAL CENTER|OXNARD|36
499541e8-050e-4be3-b213-7f572247e110|4/1/13|ST.JOSEPH HOSPITAL|ORANGE|128
be4b4512-a279-47d6-a9d3-72932b967a89|10/1/13|STMICROELECTRONICS, INC.|SANTA CLARA|52
cf3c46f4-780c-4794-b4ed-d09841b937ac|1/15/13|SUN WORLD INERNATIONAL, LLC|BLYTHE|65
e6fd3b29-488a-4bb6-b948-401391a5e25b|12/31/13|SUNTRUST MORTAGE|IRVINE|89
03398bf0-0c7e-4057-8a55-5a207a284493|6/17/13|SUTTER CENTRAL VALLEY HOSP DBA MEMORIAL MED CTR|MODESTO|39
4f290d12-e75a-42ba-8e3b-ffd76cd93fb5|1/15/13|SUTTER CENTRAL VLY HOSP,DBA MEMORIAL MEDICAL CENTR|MODESTO|114
e63f5fd8-37e6-4f6b-9cd9-c1de6b93c3e3|4/22/13|SUTTER EAST BAY HOSP - ASHBY CAMPUS|BERKELEY|25
c151edd4-6469-4096-bc69-aecf0fc7f63c|4/22/13|SUTTER EAST BAY HOSP - SUMMIT CAMPUS|OAKLAND|7
f021d73b-2dd2-406b-9a52-bd33616ec659|5/6/13|SUTTER EAST BAY HOSPITALS (SUMMIT CAMPUS)|OAKLAND|7
5bc1ae4b-ae71-4a5b-a4d5-a9fb528f82b9|5/15/13|SUTTER EAST BAY HOSPITALS (SUMMIT)|OAKLAND|8
7077aba8-3be5-484a-8ba0-0c4bc60160e4|5/6/13|SUTTER EASY BAY HOSPITALS (ALTA BATES CAMPUS)|BERKELEY|7
c69f9bfb-1211-4d02-99d4-4b5ef825c9d8|11/18/13|SUTTER HEALTH SACRAMENTO SIERRA REGION|SACRAMENTO|2
5ef3e83e-afa7-4b63-930a-4eb302d36d96|12/2/13|SUTTER HEALTH SACRAMENTO SIERRA REGION|SACRAMENTO|3
4ef26613-8bde-47ed-9e55-b01a0461c032|10/17/13|SUTTER HEALTH-ALTA BATES SUMMIT|OAKLAND|6
3f9f2f69-e6d6-49b3-802f-4a4e76218419|10/4/13|SUTTER HEALTH-ALTA BATES SUMMIT MEDICAL CENTER|BERKELEY|9
82f82176-68d8-4f62-ac17-b09927757ec1|10/4/13|SUTTER HEALTH-MILLS-PENINSULA MEDICAL CENTER|BURLINGAME|8
83f7a455-0489-41c0-8008-ce5952a93f99|12/2/13|SUTTER MEDICAL CENTER, SACRAMENTO|SACRAMENTO|8
aa761647-0805-45a9-b6b0-51c519fce3b4|12/2/13|SUTTER OAKS MIDTOWN NURSING CENTER|SACRAMENTO|128
8e3c7cc6-fbfa-4bcf-b95b-3158dfd42720|12/1/13|SUTTER ROSEVILLE MEDICAL CENTER|ROSEVILLE|68
44b28293-c7da-4807-aed7-761144080f2d|8/16/13|SYMANTEC CORPORATION|CULVER CITY|46
8ae3b0ff-e5f4-42ed-8b90-3b3a9230059e|9/4/13|SYMANTEC CORPORATION|CULVER CITY|2
7af1cb50-a19a-458e-acc5-636f4c46b5b9|9/27/13|SYMANTEC CORPORATION|CULVER CITY|6
b6b43e04-5c89-4f87-b21d-31643564340a|11/12/13|SYMANTEC CORPORATION|CULVER CITY|4
0ea9e47b-61c6-4674-aa6b-e91e4e24aa65|7/18/13|SYMANTEC CORPORATION|MOUNTAIN VIEW|62
f496985a-e12b-44dc-93cd-2e53d61ca1f3|8/16/13|SYMANTEC CORPORATION|MOUNTAIN VIEW|114
4c45087a-49ce-4062-81da-e8332f2adf93|9/4/13|SYMANTEC CORPORATION|MOUNTAIN VIEW|18
6ee76ed7-8756-4f75-8973-e79f79277bc0|9/27/13|SYMANTEC CORPORATION|MOUNTAIN VIEW|74
d2a67d56-ec55-45a8-a16a-1e7304fe17a8|10/4/13|SYMANTEC CORPORATION|MOUNTAIN VIEW|1
cad6d72c-9dd7-448d-9def-5221cfb6b791|10/28/13|SYMANTEC CORPORATION|MOUNTAIN VIEW|1
e01122a9-da3e-43db-b434-c8b533947585|11/12/13|SYMANTEC CORPORATION|MOUNTAIN VIEW|3
94016f41-5359-469a-b294-bc99f13e3084|7/15/13|SYSCO LOS ANGELES,INC|WALNUT|200
8db88c6c-a8b9-431c-b281-463bf5d58030|6/3/13|SYSCO SAN DIEGO, INC|POWAY|70
3ba2a0db-1f96-4645-a65b-9e61fdc04a4b|4/5/13|TE CONNECTIVITY|CARPINTERIA|116
e8dc4890-ba95-4f4e-aed2-2da2fd4e20d5|3/28/13|TECHNICOLOR|GLENDALE|50
866e3d1a-7c69-4368-a28b-967c2fdeae23|12/21/13|TECHNICOLOR INC|GLENDALE|50
f9f0da96-c36d-4e9a-9523-76ea67e2a242|5/11/13|TELEDYNE MICROELECTRONIC TECHNOLOGIES|LOS ANGELES|93
ad3c146e-9380-44dd-8168-e651025ae6eb|4/5/13|TELLABS|SANTA CLARA|150
f83e261b-d285-4f4b-a88d-0ed5e37c2546|3/11/13|TEVA PHARMACEUTICALS, INC|IRVINE|3
89a64875-45b2-42ad-b30c-5cc9398dcb5b|4/8/13|TEVA PHARMACEUTICALS, INC|IRVINE|20
75847c11-1ae0-491f-8ce9-e6c6186e40cb|3/23/13|TEXAS INSTRUMENTS INCORPORATED|SANTA CLARA|57
40afa6e8-7360-49d4-b552-8d3f8751fbed|1/25/13|THE BOEING COMPANY|ANAHEIM|1
29959cc9-6c60-4765-b121-a765adfb90d7|2/22/13|THE BOEING COMPANY|ANAHEIM|1
bd68adeb-adee-40cc-bc26-9a3be36b4c64|1/25/13|THE BOEING COMPANY|EL SEGUNDO|17
d6b4c135-a603-4dab-8080-b12ed2526135|3/22/13|THE BOEING COMPANY|EL SEGUNDO|2
4c0e5858-8c58-454a-84a8-7a8e07a461ad|4/5/13|THE BOEING COMPANY|EL SEGUNDO|3
de4fb4a5-8004-47d3-acc0-2d1b41f42026|5/3/13|THE BOEING COMPANY|EL SEGUNDO|10
ee6befab-8ae0-4c89-ba17-181c91269179|5/27/13|THE BOEING COMPANY|EL SEGUNDO|11
38bd571b-f157-46dd-855c-86a0b25fc566|7/19/13|THE BOEING COMPANY|EL SEGUNDO|9
9711bc61-3de9-4c1d-b0df-a45c005df7a8|8/23/13|THE BOEING COMPANY|EL SEGUNDO|3
c9822ede-f551-4c9b-bddb-22f8ff4bedc5|1/25/13|THE BOEING COMPANY|HUNTINGTON BEACH|33
7daf9c6e-f0cd-434c-8f29-e4a6942f55ff|2/22/13|THE BOEING COMPANY|HUNTINGTON BEACH|10
27477ed5-8488-4aea-bc7d-59926bbdc07f|3/22/13|THE BOEING COMPANY|HUNTINGTON BEACH|11
7f5c44cb-0312-48e3-821e-7a2d30c31c11|4/5/13|THE BOEING COMPANY|HUNTINGTON BEACH|18
7330eaaa-5461-4ba0-94f9-14ccd60ff3a9|5/3/13|THE BOEING COMPANY|HUNTINGTON BEACH|19
f7351328-4b0a-454d-8d09-8e493d66fd30|5/27/13|THE BOEING COMPANY|HUNTINGTON BEACH|45
6ab0a607-8e68-4d65-8ddc-79139c514b6d|7/19/13|THE BOEING COMPANY|HUNTINGTON BEACH|96
95be0983-7329-4524-bca9-d325f768dc61|7/19/13|THE BOEING COMPANY|HUNTINGTON BEACH|16
1d3cafd1-c4a0-4088-bb05-6a682495031c|1/25/13|THE BOEING COMPANY|LONG BEACH|35
2db13093-fd9d-4488-8e89-01d772b2a81b|2/22/13|THE BOEING COMPANY|LONG BEACH|2
50ccdae9-ae7e-4e93-acc2-71568a15972a|3/22/13|THE BOEING COMPANY|LONG BEACH|23
93decaad-f116-43f4-9100-65e0bafdbf0b|4/5/13|THE BOEING COMPANY|LONG BEACH|2
410986b5-c9d5-4524-b6f6-0a6ef3ea1ddb|5/3/13|THE BOEING COMPANY|LONG BEACH|11
42c62dd5-0f46-486d-845c-f62728548359|5/27/13|THE BOEING COMPANY|LONG BEACH|7
ea1a55e1-fe76-4fd7-9037-d9e3d0fbfb74|7/19/13|THE BOEING COMPANY|LONG BEACH|15
51239771-3380-4689-a3f9-8ff0c27a7b6e|8/23/13|THE BOEING COMPANY|LONG BEACH|8
6e85fdf5-075f-4ba3-a8b4-161135564268|2/22/13|THE BOEING COMPANY|PALMDALE|7
e0214457-807b-4673-88bc-c8fb4b62ef3b|7/19/13|THE BOEING COMPANY|PALMDALE|2
54234f81-dd40-434e-91ac-c81cb4b12838|1/1/13|THE BOEING COMPANY (ANAHEIM)|ANAHEIM|11
075ea5c3-5474-4297-9381-87d032a4475f|1/1/13|THE BOEING COMPANY (EL SEGUNDO)|EL SEGUNDO|31
01350d45-eb35-4128-95a1-ef754740b0d7|1/1/13|THE BOEING COMPANY (HUNTINGTON BEACH)|HUNTINGTON BEACH|75
904b67e6-9eaf-46e5-9d0e-ab232576bb9a|1/1/13|THE BOEING COMPANY (LONG BEACH)|LONG BEACH|17
444982a6-92bf-43a1-91ff-774355d663d2|3/19/13|THE CHEESECAKE FACTORY (GRAND LUX CAFE, LLC)|LOS ANGELES|132
993aaa29-56d8-4abd-a18b-740e1d341a0d|12/6/13|THE OUTDOOR CHANNEL|TEMECULA|5
78eaa5a9-714c-4723-8cef-1c01bb586814|11/21/13|THE PROUD BIRD|LOS ANGELES|96
a614b684-8c79-41ec-b6f1-2f6a1276b1a8|4/30/13|TIME WARNER CABLE|HOLLYWOOD|304
5197fc4a-87f9-451a-9401-45d3f9ac835c|12/31/13|TOPA MANAGEMENT COMPANY|HEMET|2
68a836bf-1018-4e22-b588-d8f25793deac|12/31/13|TOPA MANAGEMENT COMPANY - BIRCHCREST APTS|DOWNEY|4
9d56f3b9-3dcd-4f21-9e85-8932aed1ba10|12/31/13|TOPA MANAGEMENT COMPANY- AZUSA PARK|AZUSA|2
97a35375-8f5c-4e89-876d-08603435ba57|12/31/13|TOPA MANAGEMENT COMPANY-CASA BELLA|COSTA MESA|2
f2d55cee-2b53-4d57-94b7-4b034cd13879|12/31/13|TOPA MANAGEMENT COMPANY-CASA PACIFICA|PORT HUENEME|2
0b879037-e3ce-44f5-b88b-e1ace9c1b9ff|3/31/13|TOPA MANAGEMENT COMPANY- COLLEGE PARK|LANCASTER|2
da117113-fc28-4536-ba29-d98544fc99e7|12/31/13|TOPA MANAGEMENT COMPANY- CONEJO FUTURE|THOUSAND OAKS|2
886cb70c-23b6-44af-abef-ee2b733e00f5|12/31/13|TOPA MANAGEMENT COMPANY- CORPORATE STAFF|LOS ANGELES|10
49f9dadd-948e-4b32-8f72-655e93b98674|12/31/13|TOPA MANAGEMENT COMPANY- COVINA MANOR|CHARTER OAKS|2
4de475f8-4609-446c-a61f-b6344a3d397f|3/31/13|TOPA MANAGEMENT COMPANY- FERNWOOD|LANCASTER|2
68a1971e-16ff-41eb-bc10-b9af6d80ac08|12/31/13|TOPA MANAGEMENT COMPANY- FOOTHILL VILLAS|SAN BERNARDINO|7
7cb4419c-4e61-4be9-9d4b-8e1c0e4ef701|12/31/13|TOPA MANAGEMENT COMPANY- HARVARD MANOR|IRVINE|3
97510b24-ed27-44c7-abb0-e9703e40257a|12/31/13|TOPA MANAGEMENT COMPANY- HAYWARD VILLA|HAYWARD|1
f6de4188-92b4-4ae5-86e2-9f056b5dbbb5|12/31/13|TOPA MANAGEMENT COMPANY- HOBART GARDENS|LOS ANGELES|3
f5ccb083-caa6-407a-b3de-3973ba77506e|12/31/13|TOPA MANAGEMENT COMPANY- SUNNYVIEW VILLA|PALM SPRINGS|2
2e65050e-6ca6-477a-b1bd-c671bbd0b1fd|12/31/13|TOPA MANAGEMENT COMPANY- VERNER VILLA|PICO RIVERA|1
0c8d3e26-158f-411b-b223-c8c8f242d9b1|12/31/13|TOPA MANAGEMENT COMPANY- VILLAGE LA PAZ|LAGUNA NIGUEL|2
b0106891-6ce6-4c0c-9acd-e62a999213cf|12/31/13|TOPA MANAGEMNT COMPANY- SUTTER VILLAGE|YUBA CITY|2
0216e1ef-bcee-4c3f-a00e-162f88ccdc41|11/5/13|TOSHIBA AMERICA INFORMATION SYSTEMS, INC|IRVINE|56
517a5f2e-7e21-47b1-b226-c1b7ba894832|1/26/13|TOYS-R-US|ANAHEIM|30
7d8f40dc-4bea-4971-bd3a-8bdecbee49de|10/31/13|TRANSFIELD SERVICES MNGMNT (TESORO LA REFINERY)|CARSON|90
38e05149-1426-4280-9a87-94f47b2a9975|12/31/13|TRANSFIELD SVCS-PHILLIPS 66 LA REFINERY-CARSON|CARSON|59
0d569ed4-08f9-4f55-852a-59bd8ea2ed37|12/31/13|TRANSFIELD SVCS-PHILLIPS 66 LA REFINERY-WILMINGTON|WILMINGTON|31
83c3e43f-e3c3-4af1-8eb1-f7e685e0e387|12/19/13|TRANSFIELD SVCS-PHILLIPS 66 REFINERY CARSON|CARSON|27
e47521c2-901e-464a-b059-1bbdfdbd05af|12/19/13|TRANSFIELD SVCS-PHILLIPS 66 REFINERY WILMINGTON|WILMINGTON|31
b8e23e52-f833-4641-933b-5a8b1aa183ac|12/31/13|TRANSFIELD SVCS-PHILLIPS 66 RODEO REFINERY|RODEO|89
7f37801f-f568-47c6-8176-2383654bb843|12/27/13|TRANSFIELD SVCS-PHILLIPS 66 SANTA MARIA REFINERY|ARROYO GRANDE|43
f7deb19f-841f-4c3c-a601-bee92a503b32|7/12/13|TRINITY SPORTS INC|VERNON|189
ade0f79c-43ab-4c8e-bb7d-fc33521a0405|11/30/13|TRINITY SPORTS INC|VERNON|164
1c1a9070-f9a4-4efc-83b4-9251b87870ab|7/16/13|TRION WORLDS INC.|REDWOOD CITY|68
872906fd-4259-4f02-9e2c-cdddb8b21d72|2/15/13|TRIWEST HEALTHCARE ALLIANCE CORP|ATWATER|2
84fa01f9-a9d2-41f2-8b4c-3193424f94f3|2/15/13|TRIWEST HEALTHCARE ALLIANCE CORP|BEALE A F B|3
81585911-a04c-4b25-ad2f-f6df0c49ae9d|2/15/13|TRIWEST HEALTHCARE ALLIANCE CORP|CAMP PENDLETON|11
05c6072a-0cee-4d9f-9f93-7d5632c458c8|2/15/13|TRIWEST HEALTHCARE ALLIANCE CORP|CAMP PENDLETON|1
8f106d58-dc0d-4bbd-b69d-fa8f2f5697f9|2/15/13|TRIWEST HEALTHCARE ALLIANCE CORP|CHINA LAKE|2
dce1fad2-ceea-4d36-bb9b-8b52806d7257|2/15/13|TRIWEST HEALTHCARE ALLIANCE CORP|EDWARDS AIR FORCE BA|4
20f66bcb-8631-4b8b-93e1-542446068d98|2/15/13|TRIWEST HEALTHCARE ALLIANCE CORP|EL SEGUNDO|5
00b98c33-cb96-4092-b131-0d221e03ce5e|2/15/13|TRIWEST HEALTHCARE ALLIANCE CORP|FORT IRWIN|2
c8674f8d-2f4a-4193-b26d-d7e12ba24553|2/15/13|TRIWEST HEALTHCARE ALLIANCE CORP|LEMOORE|6
c6c121c7-a952-4c77-9995-a6976703c6b6|2/15/13|TRIWEST HEALTHCARE ALLIANCE CORP|MCCLELLAN AFB|2
a0996d6f-c9fb-4922-886e-60d65dff5fc5|2/15/13|TRIWEST HEALTHCARE ALLIANCE CORP|MCKINLEYVILLE|2
870853b3-7106-483c-a719-84b37eb8aec4|2/15/13|TRIWEST HEALTHCARE ALLIANCE CORP|MORENO VALLEY|4
ae32452f-e9d6-452b-a8d9-646da92e9162|2/15/13|TRIWEST HEALTHCARE ALLIANCE CORP|MOUNTAIN VIEW|2
e37814fa-7905-44b8-82c7-20ab498241eb|2/15/13|TRIWEST HEALTHCARE ALLIANCE CORP|PETALUMA|2
96f90de0-7fb4-4dd6-95a1-f9dc0f0dd727|2/15/13|TRIWEST HEALTHCARE ALLIANCE CORP|PORT HUENEME|4
536bd8ce-6480-4116-833e-fb757306b7d2|2/15/13|TRIWEST HEALTHCARE ALLIANCE CORP|SAN DIEGO|3
34bcf428-830e-4023-a1bc-8a6f9e173440|2/15/13|TRIWEST HEALTHCARE ALLIANCE CORP|SAN DIEGO|8
a58bda0a-3055-4241-ac7e-84794df5a8a2|2/15/13|TRIWEST HEALTHCARE ALLIANCE CORP|SAN DIEGO|4
e7a7b97c-cc4d-4bfb-a0f4-db23ca417152|2/15/13|TRIWEST HEALTHCARE ALLIANCE CORP|SAN DIEGO|14
c6b42348-3f08-40fe-89fa-e55bb6861c29|2/15/13|TRIWEST HEALTHCARE ALLIANCE CORP|SAN DIEGO|4
15c7c958-a37c-4cca-abb6-70f5ba95bd48|2/15/13|TRIWEST HEALTHCARE ALLIANCE CORP|SEASIDE|3
92339011-af45-420f-b81a-0fbf9bef8a4e|2/15/13|TRIWEST HEALTHCARE ALLIANCE CORP|TRAVIS AFB|10
1e98fa56-4c72-4bbc-aa72-b9013e346d98|2/15/13|TRIWEST HEALTHCARE ALLIANCE CORP|TWENTY-NINE PALMS|4
2f0be23b-a0a0-42b6-96ad-dc228317825d|2/15/13|TRIWEST HEALTHCARE ALLIANCE CORP|VANDENBERG AFB|4
248c0b9c-9087-4b7c-a00b-96b0ace9df20|4/12/13|U.S. BEST REPAIR SERVICE, INC|IRVINE|179
853a54a6-9358-419b-929e-06d47deebd8a|11/15/13|U.S. SECURITY ASSOCIATES, INC|SAN DIEGO|53
78aad451-6dbb-4bc0-80ed-881d7eb339a5|1/29/13|UNION BANK|GOLETA|175
e559d03e-f9fd-4c6f-9a89-25f123023cf4|4/30/13|UNION BANK, N.A.|SANTA BARBARA|72
8f32766e-3758-4122-83b2-9358cc7cf3f8|8/16/13|UNITED SPIRAL PIPE LLC|PITTSBURG|89
417b1432-6a74-4dbb-bc74-5f0834880473|1/1/13|UNITED SPIRAL PIPE, LLC|PITTSBURG|104
ca5a120b-ec4f-40f9-a7a5-ad3fd1c362f3|5/1/13|UNITED SPIRAL PIPE, LLC|PITTSBURG|60
53e83601-2735-4182-805b-7ff12783067a|6/1/13|US JOINER LLC|SAN DIEGO|37
6e709e11-1c94-4879-9671-2a78d85bd080|7/14/13|USS POSCO INDUSTRIES|PITTSBURG|705
fd4dc4e7-97e1-4566-965b-350ad497dece|1/16/13|UTC AREOSPACE SYSTEMS|CHULA VISTA|30
3a00a1f7-945d-42a9-b214-0883a7ca3c85|4/26/13|VALEANT PHARMACEUTICALS-OBAGI MEDICAL PRODUCTS INC|LONG BEACH|77
cfecad32-0032-4bbb-ba18-b653ccb277ac|9/1/13|VALLEY CREST (ESTATE GARDENS)|CALABASAS|69
128aa9e4-db15-408c-8306-73e5940ea0a1|6/30/13|VEOLIA TRANSPORTATION SERVICES, INC|IRVINE|480
f0d1f3b6-7be6-4364-8628-8a05f4bbfc07|6/24/13|VERIZON CORPORATE RESOURCES GROUP LLC|IRVINE|57
c311453c-e759-4a35-938d-e7adc785520a|8/31/13|VERIZON WIRELESS|FOLSOM|132
1970da09-2796-4199-9b8e-ed0e66fe9c06|8/3/13|VIATRAN EXPRESS, INC.|FONTANA|87
254c625e-efa7-4990-b989-0a2f8687c527|12/23/13|VISTA HONDA|VENTURA|87
f8f5f483-47f0-4ee3-a0d1-a3b16ebab5fc|4/1/13|VMWARE, INC|PALO ALTO|310
cb787f35-c901-4ea1-bfe3-f0af63cd2478|9/2/13|VOLCANO CORPORATION|RANCHO CORDOVA|39
1d75ff90-b123-47c7-9b1a-52b80af5bad1|5/10/13|W.D.YOUNG & SONS, COCOPAH NURSERIES INC|THERMAL|115
65b400a8-26da-4eca-a015-321ba9143112|1/31/13|WAGGIN' TRAIN, LLC DISTRIBUTION (NESTLE PURINA)|CORONA|14
4b3e2152-299e-4e5f-a776-e37214951894|5/12/13|WALLY'S WINE & SPIRITS (MEL-JEN INC)|LOS ANGELES|63
f93d0ce6-15f3-46bd-8724-e78dc15b555b|6/9/13|WALT DISNEY PICTURES|BURBANK|114
9dd2faf8-2ed5-4259-a3d8-e759adbf0f04|7/26/13|WALT DISNEY PICTURES|BURBANK|1
e7341567-c564-41d5-bda8-f3e1f02442ba|9/27/13|WALT DISNEY PICTURES|BURBANK|6
5578f7e3-3a26-46cd-b825-407a176155d2|10/20/13|WELLS FARGO|COSTA MESA|120
5d63b0da-748c-41fe-b280-4de82294c43a|12/15/13|WELLS FARGO|COSTA MESA|1
3de20b9e-e26a-4267-a55b-87b7d237e2f6|10/20/13|WELLS FARGO|SAN BERNARDINO|64
23bddc0f-0c66-4643-994d-cc9d83919658|11/16/13|WELLS FARGO|SAN BERNARDINO|9
f419c9fd-c41c-4b6d-bc3f-2c764a3bcbf7|12/15/13|WELLS FARGO|SAN BERNARDINO|21
7cde96dc-8e5b-4e70-b096-e651008dbe43|10/20/13|WELLS FARGO|SAN DIEGO|64
3182fb8e-66cb-4298-9852-77a698421351|11/16/13|WELLS FARGO|SAN DIEGO|2
4bcbd1bf-3db2-455b-8e36-fde1dc2cf5a9|12/15/13|WELLS FARGO|SAN DIEGO|24
953415d2-445b-4690-8fff-e2f7595accbd|10/20/13|WELLS FARGO|SANTA ANA|217
0b92a98b-8c4b-4828-9c0f-285b8de08017|12/15/13|WELLS FARGO|SANTA ANA|1
96cf7bb6-51fc-4bfc-90fe-93e043dfba0e|4/18/13|WHOLE FOODS-MRS. GOOCH'S NATURAL FOODS MARKET|VERNON|150
8af6d3d8-38c3-4e55-afcd-af9968668e90|1/18/13|WINDSOR FOODS|RIVERSIDE|239
ca1d08fd-6fda-47ae-80d6-79626eafdbab|7/13/13|WOLFGANG PUCK CATERING & EVENTS, LLC|LOS ANGELES|170
cacf5629-16eb-46ca-b2aa-0eabaa109d76|3/29/13|WOODWARD, INC|PACOIMA|14
90da144f-3231-44cd-8797-8bcc1d7b971e|7/19/13|XEROX BUSINESS SERVICES|BAKERSFIELD|150
49a194b6-a363-4886-8d70-213786cf65bb|8/30/13|XEROX BUSINESS SERVICES|BAKERSFIELD|69
33c26a80-cb04-49a4-ab00-bae79fde3598|6/19/13|XEROX BUSINESS SERVICES- ORANGE COUNTY DATA CENTER|SANTA ANA|84
3802ef2c-caa0-48fa-85bb-7de041c23c1d|12/20/13|XEROX CORPORATION-ROS MANUFACTURING OPERATIONS|EL SEGUNDO|47
033f6435-70c1-4c53-8a05-2fd032d46011|5/14/13|XEROX RANCH|OXNARD|172
1cee32f6-1c3e-4f1e-98c6-70de78343605|11/22/13|XYRATEX INTERNATIONAL INC|WEST SACRAMENTO|17
d3d6e400-e13f-4356-9f86-e39b5695dbd8|8/15/13|XYRATEX INTERNATIONAL, INC|WEST SACRAMENTO|58
954cb67f-1ae7-4a2f-a8c9-5cbae6eed024|9/27/13|XYRATEX INTERNATIONAL, INC|WEST SACRAMENTO|6
79a5fb18-1a61-4510-9d3b-2e7c0b41b729|5/3/13|XYRATEX INTERNATIONAL, INC.|WEST SACRAMENTO|31
ea8bac7e-4f5b-4af8-959b-6b50cca219ab|5/3/13|XYRATEX INTERNATIONAL, INC.|WEST SACRAMENTO|32
92b959d7-f9ca-4a15-9953-61a47042ace7|2/28/13|YP WESTERN DIRECTORY LLC|SAN FRANCISCO|52
f25f8146-9dc8-41af-84ad-c03c1883a558|3/13/13|YP WESTERN DIRECTORY LLC & YP WESTERN HOLDINGS LLC|ANAHEIM|111
2ef28821-536f-4982-a305-e8b7da4ac2af|6/7/13|YP WESTERN HOLDINGS LLC|ANAHEIM|60
010ea044-adba-4978-959c-14068d67d852|6/28/13|YP WESTERN HOLDINGS LLC|ANAHEIM|6
80469c16-a716-47d9-b059-a47fcf0d883a|5/12/13|YRC FREIGHT - BELL FACILITY|LOS ANGELES|288
765aa883-b702-465d-a8d2-5765750e1103|1/31/13|YUSEN LOGISTICS (AMERICAS) INC (MIRA LOMA WRHSE)|MIRA LOMA|27
54b0d631-7913-402a-b804-8a971ebd2fbf|1/31/13|ZACKY FARMS|CORCORAN|6
f4376759-1415-472f-b100-50ee50c620ce|1/31/13|ZACKY FARMS|DENAIR|3
4b02430d-c664-4f4c-bc22-5a2fc1c65ad3|1/31/13|ZACKY FARMS|FRESNO|6
edb9693c-c749-4ea1-a3af-f524feca1f82|1/31/13|ZACKY FARMS|GUSTINE|3
e0461ce8-a9ec-41ef-8ec2-f1a4c3cfe566|1/31/13|ZACKY FARMS|KERMAN|4
74ae8568-cced-4b55-b5cf-eb7a82a364ba|1/31/13|ZACKY FARMS|ORANGE COVE|6
0b10ae27-db38-414c-b2b6-3e9b828487ea|1/31/13|ZACKY FARMS|PIXLEY|2
376de282-4bbc-49bc-82a9-262f09087850|1/31/13|ZACKY FARMS|PIXLEY|3
b4df87f7-c8cc-4d73-8348-55e05e125448|1/31/13|ZACKY FARMS|PIXLEY|2
a9fa1384-35a4-4d3c-95da-5a1a13b25a19|1/31/13|ZACKY FARMS LLC|APPLE VALLEY|1
f7be4ea7-6444-4a36-a77a-7d22fbf2672d|1/31/13|ZACKY FARMS LLC|APPLE VALLEY|2
b31542b1-e1b7-48c9-81ff-8484eaf8e7f1|1/31/13|ZACKY FARMS LLC|ATWATER|2
f846a6d4-789d-4a2c-9c0f-1610aa8fa282|1/31/13|ZACKY FARMS LLC|CARUTHERS|1
72fc2692-d932-4efb-9bf7-36aa3853e0e9|1/31/13|ZACKY FARMS LLC|CARUTHERS|3
0f3b4e00-e28b-4c58-9dff-a600033ede32|1/31/13|ZACKY FARMS LLC|CITY OF INDUSTRY|19
049569e4-4341-41bb-b683-cbd328b57afa|1/31/13|ZACKY FARMS LLC|CORCORAN|6
c4403c57-6215-47ce-91ae-0a562502fa4d|1/31/13|ZACKY FARMS LLC|CORCORAN|10
23aa3432-ebe5-4834-b583-098b857f6dda|1/31/13|ZACKY FARMS LLC|FRESNO|16
0e668771-06af-40ad-add5-23906f97b177|1/31/13|ZACKY FARMS LLC|FRESNO|46
389875a6-377d-45d1-b460-b00bee528747|1/31/13|ZACKY FARMS LLC|FRESNO|448
403139e5-0e7a-4062-9675-0012807cba18|1/31/13|ZACKY FARMS LLC|HELENDALE|1
73d8c35c-c97c-4b2c-868d-59d0fd36bb58|1/31/13|ZACKY FARMS LLC|KERMAN|3
cb5cde18-ce54-4682-90ba-fae0c93f5646|1/31/13|ZACKY FARMS LLC|KERMAN|18
264bd373-9e08-4332-a587-6014e11f4285|1/31/13|ZACKY FARMS LLC|KERMAN|1
3daf6495-4d8e-42d5-ad94-808483cbfb15|1/31/13|ZACKY FARMS LLC|KERMAN|3
69f60462-7581-4514-82f2-5b29ba6f9fbb|1/31/13|ZACKY FARMS LLC|LATON|1
bbf90c79-d7fa-4f85-b3e3-80e53b21ac3a|1/31/13|ZACKY FARMS LLC|LATON|2
8aa8d662-46ed-4de7-838b-f64d22e838de|1/31/13|ZACKY FARMS LLC|LEMOORE|2
187f8506-cdf2-4c90-931a-6b01a81f8b3b|1/31/13|ZACKY FARMS LLC|LEMOORE|4
c6080420-3a85-4e62-ba18-a1ee5e4c0699|1/31/13|ZACKY FARMS LLC|LEMOORE|2
0f5f703a-ab7b-4854-9fc1-ca893d54f198|1/31/13|ZACKY FARMS LLC|NEWMAN|5
a954fb2f-7f24-4d4e-8b46-f22949a23b94|1/31/13|ZACKY FARMS LLC|OAKDALE|1
30815228-0b92-4e4c-9801-104e5fdbb23a|1/31/13|ZACKY FARMS LLC|ORANGE COVE|5
0efd3edd-d3db-4676-97db-09aee8482a0d|1/31/13|ZACKY FARMS LLC|ORANGE COVE|2
1618a3fb-9b9b-4826-ade4-5ef25571e968|1/31/13|ZACKY FARMS LLC|REEDLEY|6
81b9a52a-ae59-4e5d-a768-115f78278ef7|1/31/13|ZACKY FARMS LLC|REEDLEY|4
5a2db334-a0cf-4990-b600-46a0ab5bfaad|1/31/13|ZACKY FARMS LLC|REEDLEY|5
8d0ff33a-dd53-4dc2-9b57-793642cc5a79|1/31/13|ZACKY FARMS LLC|RIVERDALE|3
7bc7aefb-2a8f-4699-b22d-25cce67490d6|1/31/13|ZACKY FARMS LLC|SAN JOAQUIN|4
6c658efb-7f8a-4453-a207-c544a99bb7d3|1/31/13|ZACKY FARMS LLC|SAN JOAQUIN|3
3519a571-8a9a-49c0-bc15-092c1ac7e053|1/31/13|ZACKY FARMS LLC|STOCKTON|216
b82735d5-4973-4133-a338-ccfc01506901|6/3/13|ZYNGA INC.|CARLSBAD|3
512a71dc-6195-48b3-8ad4-952d910744ca|6/3/13|ZYNGA INC.|LOS ANGELES|50
4f0de4ed-9d25-498e-9d28-535f07d40d61|6/3/13|ZYNGA INC.|MOUNTAIN VIEW|4
42b379ef-a194-40d7-a0f0-350908961372|6/3/13|ZYNGA INC.|SAN FRANCISCO|218
